mc	mn	quarterbeats	quarterbeats_all_endings	duration_qb	volta	mc_onset	mn_onset	timesig	staff	voice	duration	gracenote	nominal_duration	scalar	tied	tpc	midi	name	octave	chord_id
1	0	1/4	1/4	0.25		1/16	13/16	4/4	1	1	1/16		1/16	1		0	72	C5	5	0
1	0	1/2	1/2	0.25		1/8	7/8	4/4	1	1	1/16		1/16	1		2	74	D5	5	1
1	0	3/4	3/4	0.25		3/16	15/16	4/4	1	1	1/16		1/16	1		4	76	E5	5	2
2	1	1	1	1.0		0	0	4/4	2	1	1/4		1/4	1		-1	41	F2	2	15
2	1	1	1	1.0		0	0	4/4	2	1	1/4		1/4	1		3	57	A3	3	15
2	1	1	1	1.0		0	0	4/4	1	1	1/4		1/4	1		-1	65	F4	4	3
2	1	1	1	1.0		0	0	4/4	1	1	1/4		1/4	1		-1	77	F5	5	3
2	1	3/2	3/2	0.5		1/8	1/8	4/4	1	2	1/8		1/8	1		3	69	A4	4	13
2	1	3/2	3/2	0.5		1/8	1/8	4/4	1	2	1/8		1/8	1		0	72	C5	5	13
2	1	2	2	1.0		1/4	1/4	4/4	2	1	1/4		1/4	1		-2	46	Bb2	2	16
2	1	2	2	1.0		1/4	1/4	4/4	2	1	1/4		1/4	1		2	62	D4	4	16
2	1	2	2	0.75		1/4	1/4	4/4	1	1	3/16		1/8	3/2		-1	65	F4	4	4
2	1	2	2	0.75		1/4	1/4	4/4	1	1	3/16		1/8	3/2		-1	77	F5	5	4
2	1	5/2	5/2	0.5		3/8	3/8	4/4	1	2	1/8		1/8	1		-2	70	Bb4	4	14
2	1	5/2	5/2	0.5		3/8	3/8	4/4	1	2	1/8		1/8	1		2	74	D5	5	14
2	1	11/4	11/4	0.25		7/16	7/16	4/4	1	1	1/16		1/16	1		-1	77	F5	5	5
2	1	3	3	1.0		1/2	1/2	4/4	2	1	1/4		1/4	1		1	43	G2	2	17
2	1	3	3	1.0		1/2	1/2	4/4	2	1	1/4		1/4	1		-2	58	Bb3	3	17
2	1	3	3	0.25		1/2	1/2	4/4	1	1	1/16		1/16	1		1	79	G5	5	6
2	1	13/4	13/4	0.25		9/16	9/16	4/4	1	1	1/16		1/16	1		-1	77	F5	5	7
2	1	7/2	7/2	0.25		5/8	5/8	4/4	1	1	1/16		1/16	1		4	76	E5	5	8
2	1	15/4	15/4	0.25		11/16	11/16	4/4	1	1	1/16		1/16	1		2	74	D5	5	9
2	1	4	4	1.0		3/4	3/4	4/4	2	2	1/4		1/4	1	1	0	48	C3	3	19
2	1	4	4	0.5		3/4	3/4	4/4	1	1	1/8		1/8	1		0	72	C5	5	10
2	1	9/2	9/2	0.5		7/8	7/8	4/4	2	1	1/8		1/8	1		3	57	A3	3	18
2	1	9/2	9/2	0.5		7/8	7/8	4/4	2	1	1/8		1/8	1		0	60	C4	4	18
2	1	9/2	9/2	0.25		7/8	7/8	4/4	1	1	1/16		1/16	1		4	64	E4	4	11
2	1	9/2	9/2	0.25		7/8	7/8	4/4	1	1	1/16		1/16	1		3	69	A4	4	11
2	1	9/2	9/2	0.25		7/8	7/8	4/4	1	1	1/16		1/16	1		0	72	C5	5	11
2	1	19/4	19/4	0.25		15/16	15/16	4/4	1	1	1/16		1/16	1		4	76	E5	5	12
3	2	5	5	4.0		0	0	4/4	2	2	1		1	1	-1	0	48	C3	3	36
3	2	5	5	0.5		0	0	4/4	1	1	1/8		1/8	1		0	72	C5	5	20
3	2	11/2	11/2	0.5		1/8	1/8	4/4	2	1	1/8		1/8	1		-2	58	Bb3	3	34
3	2	11/2	11/2	0.5		1/8	1/8	4/4	2	1	1/8		1/8	1		2	62	D4	4	34
3	2	11/2	11/2	0.25		1/8	1/8	4/4	1	1	1/16		1/16	1		-1	65	F4	4	21
3	2	11/2	11/2	0.25		1/8	1/8	4/4	1	1	1/16		1/16	1		3	69	A4	4	21
3	2	11/2	11/2	0.25		1/8	1/8	4/4	1	1	1/16		1/16	1		0	72	C5	5	21
3	2	23/4	23/4	0.25		3/16	3/16	4/4	1	1	1/16		1/16	1		4	76	E5	5	22
3	2	6	6	0.5		1/4	1/4	4/4	1	1	1/8		1/8	1		0	72	C5	5	23
3	2	13/2	13/2	0.5		3/8	3/8	4/4	2	1	1/8		1/8	1		0	60	C4	4	35
3	2	13/2	13/2	0.5		3/8	3/8	4/4	2	1	1/8		1/8	1		4	64	E4	4	35
3	2	13/2	13/2	0.25		3/8	3/8	4/4	1	1	1/16		1/16	1		3	69	A4	4	24
3	2	27/4	27/4	0.25		7/16	7/16	4/4	1	1	1/16		1/16	1		-2	70	Bb4	4	25
3	2	7	7	0.25		1/2	1/2	4/4	1	1	1/16		1/16	1		0	72	C5	5	26
3	2	29/4	29/4	0.25		9/16	9/16	4/4	1	1	1/16		1/16	1		-2	70	Bb4	4	27
3	2	15/2	15/2	0.25		5/8	5/8	4/4	1	1	1/16		1/16	1		3	69	A4	4	28
3	2	31/4	31/4	0.25		11/16	11/16	4/4	1	1	1/16		1/16	1		1	67	G4	4	29
3	2	8	8	1.0		3/4	3/4	4/4	2	3	1/4		1/4	1		0	60	C4	4	37
3	2	8	8	1.0		3/4	3/4	4/4	2	3	1/4		1/4	1		4	64	E4	4	37
3	2	8	8	0.25		3/4	3/4	4/4	1	1	1/16		1/16	1		-1	65	F4	4	30
3	2	33/4	33/4	0.25		13/16	13/16	4/4	1	1	1/16		1/16	1		0	72	C5	5	31
3	2	17/2	17/2	0.25		7/8	7/8	4/4	1	1	1/16		1/16	1		2	74	D5	5	32
3	2	35/4	35/4	0.25		15/16	15/16	4/4	1	1	1/16		1/16	1		4	76	E5	5	33
4	3	9	9	1.0		0	0	7/4	2	1	1/4		1/4	1		-1	41	F2	2	60
4	3	9	9	1.0		0	0	7/4	2	1	1/4		1/4	1		3	57	A3	3	60
4	3	9	9	1.0		0	0	7/4	1	1	1/4		1/4	1		-1	65	F4	4	38
4	3	9	9	1.0		0	0	7/4	1	1	1/4		1/4	1		-1	77	F5	5	38
4	3	19/2	19/2	0.5		1/8	1/8	7/4	1	2	1/8		1/8	1		3	69	A4	4	58
4	3	19/2	19/2	0.5		1/8	1/8	7/4	1	2	1/8		1/8	1		0	72	C5	5	58
4	3	10	10	1.0		1/4	1/4	7/4	2	1	1/4		1/4	1		-2	46	Bb2	2	61
4	3	10	10	1.0		1/4	1/4	7/4	2	1	1/4		1/4	1		2	62	D4	4	61
4	3	10	10	0.75		1/4	1/4	7/4	1	1	3/16		1/8	3/2		-1	65	F4	4	39
4	3	10	10	0.75		1/4	1/4	7/4	1	1	3/16		1/8	3/2		-1	77	F5	5	39
4	3	21/2	21/2	0.5		3/8	3/8	7/4	1	2	1/8		1/8	1		-2	70	Bb4	4	59
4	3	21/2	21/2	0.5		3/8	3/8	7/4	1	2	1/8		1/8	1		2	74	D5	5	59
4	3	43/4	43/4	0.25		7/16	7/16	7/4	1	1	1/16		1/16	1		-1	77	F5	5	40
4	3	11	11	1.0		1/2	1/2	7/4	2	1	1/4		1/4	1		1	43	G2	2	62
4	3	11	11	1.0		1/2	1/2	7/4	2	1	1/4		1/4	1		-2	58	Bb3	3	62
4	3	11	11	0.25		1/2	1/2	7/4	1	1	1/16		1/16	1		1	79	G5	5	41
4	3	45/4	45/4	0.25		9/16	9/16	7/4	1	1	1/16		1/16	1		-1	77	F5	5	42
4	3	23/2	23/2	0.25		5/8	5/8	7/4	1	1	1/16		1/16	1		4	76	E5	5	43
4	3	47/4	47/4	0.25		11/16	11/16	7/4	1	1	1/16		1/16	1		2	74	D5	5	44
4	3	12	12	4.0		3/4	3/4	7/4	2	2	1		1	1		0	48	C3	3	66
4	3	12	12	0.5		3/4	3/4	7/4	1	1	1/8		1/8	1		0	72	C5	5	45
4	3	25/2	25/2	0.5		7/8	7/8	7/4	2	1	1/8		1/8	1		3	57	A3	3	63
4	3	25/2	25/2	0.5		7/8	7/8	7/4	2	1	1/8		1/8	1		0	60	C4	4	63
4	3	25/2	25/2	0.25		7/8	7/8	7/4	1	1	1/16		1/16	1		4	64	E4	4	46
4	3	25/2	25/2	0.25		7/8	7/8	7/4	1	1	1/16		1/16	1		3	69	A4	4	46
4	3	25/2	25/2	0.25		7/8	7/8	7/4	1	1	1/16		1/16	1		0	72	C5	5	46
4	3	51/4	51/4	0.25		15/16	15/16	7/4	1	1	1/16		1/16	1		4	76	E5	5	47
4	3	13	13	0.5		1	1	7/4	1	1	1/8		1/8	1		0	72	C5	5	48
4	3	27/2	27/2	0.5		9/8	9/8	7/4	2	1	1/8		1/8	1		-2	58	Bb3	3	64
4	3	27/2	27/2	0.5		9/8	9/8	7/4	2	1	1/8		1/8	1		2	62	D4	4	64
4	3	27/2	27/2	0.25		9/8	9/8	7/4	1	1	1/16		1/16	1		-1	65	F4	4	49
4	3	27/2	27/2	0.25		9/8	9/8	7/4	1	1	1/16		1/16	1		3	69	A4	4	49
4	3	27/2	27/2	0.25		9/8	9/8	7/4	1	1	1/16		1/16	1		0	72	C5	5	49
4	3	55/4	55/4	0.25		19/16	19/16	7/4	1	1	1/16		1/16	1		4	76	E5	5	50
4	3	14	14	0.5		5/4	5/4	7/4	1	1	1/8		1/8	1		0	72	C5	5	51
4	3	29/2	29/2	0.5		11/8	11/8	7/4	2	1	1/8		1/8	1		0	60	C4	4	65
4	3	29/2	29/2	0.5		11/8	11/8	7/4	2	1	1/8		1/8	1		4	64	E4	4	65
4	3	29/2	29/2	0.25		11/8	11/8	7/4	1	1	1/16		1/16	1		3	69	A4	4	52
4	3	59/4	59/4	0.25		23/16	23/16	7/4	1	1	1/16		1/16	1		-2	70	Bb4	4	53
4	3	15	15	0.25		3/2	3/2	7/4	1	1	1/16		1/16	1		0	72	C5	5	54
4	3	61/4	61/4	0.25		25/16	25/16	7/4	1	1	1/16		1/16	1		-2	70	Bb4	4	55
4	3	31/2	31/2	0.25		13/8	13/8	7/4	1	1	1/16		1/16	1		3	69	A4	4	56
4	3	63/4	63/4	0.25		27/16	27/16	7/4	1	1	1/16		1/16	1		1	67	G4	4	57
5	4	16	16	1.0		0	0	4/4	2	2	1/4		1/4	1		-1	29	F1	1	78
5	4	16	16	1.0		0	0	4/4	2	2	1/4		1/4	1		-1	41	F2	2	78
5	4	16	16	1.0		0	0	4/4	1	1	1/4		1/4	1		0	60	C4	4	67
5	4	33/2	33/2	0.5		1/8	1/8	4/4	2	1	1/8		1/8	1		-1	53	F3	3	73
5	4	33/2	33/2	0.5		1/8	1/8	4/4	2	1	1/8		1/8	1		3	57	A3	3	73
5	4	17	17	1.0		1/4	1/4	4/4	2	2	1/4		1/4	1		1	31	G1	1	79
5	4	17	17	1.0		1/4	1/4	4/4	2	2	1/4		1/4	1		1	43	G2	2	79
5	4	17	17	1.0		1/4	1/4	4/4	2	3	1/4		1/4	1		2	50	D3	3	81
5	4	17	17	1.0		1/4	1/4	4/4	1	1	1/4		1/4	1		2	62	D4	4	68
5	4	35/2	35/2	0.5		3/8	3/8	4/4	2	1	1/8		1/8	1		1	55	G3	3	74
5	4	35/2	35/2	0.5		3/8	3/8	4/4	2	1	1/8		1/8	1		-2	58	Bb3	3	74
5	4	18	18	2.0		1/2	1/2	4/4	2	2	1/2		1/2	1		0	24	C1	1	80
5	4	18	18	2.0		1/2	1/2	4/4	2	2	1/2		1/2	1		0	36	C2	2	80
5	4	18	18	1.0		1/2	1/2	4/4	2	1	1/4		1/4	1		3	57	A3	3	75
5	4	18	18	1.0		1/2	1/2	4/4	1	1	1/4		1/4	1		3	69	A4	4	69
5	4	37/2	37/2	0.5		5/8	5/8	4/4	1	2	1/8		1/8	1		2	62	D4	4	72
5	4	37/2	37/2	0.5		5/8	5/8	4/4	1	2	1/8		1/8	1		4	64	E4	4	72
5	4	19	19	0.5		3/4	3/4	4/4	1	1	1/8		1/8	1		1	55	G3	3	70
5	4	19	19	0.5		3/4	3/4	4/4	2	1	1/8		1/8	1		-2	58	Bb3	3	76
5	4	19	19	0.5		3/4	3/4	4/4	1	1	1/8		1/8	1		1	67	G4	4	70
5	4	39/2	39/2	0.5		7/8	7/8	4/4	1	1	1/8		1/8	1		3	57	A3	3	71
5	4	39/2	39/2	0.5		7/8	7/8	4/4	2	1	1/8		1/8	1		0	60	C4	4	77
5	4	39/2	39/2	0.5		7/8	7/8	4/4	1	1	1/8		1/8	1		3	69	A4	4	71
6	5	20	20	1.0		0	0	4/4	2	2	1/4		1/4	1		-1	29	F1	1	93
6	5	20	20	1.0		0	0	4/4	2	2	1/4		1/4	1		-1	41	F2	2	93
6	5	20	20	1.0		0	0	4/4	2	3	1/4		1/4	1		0	48	C3	3	96
6	5	20	20	1.0		0	0	4/4	1	1	1/4		1/4	1		0	60	C4	4	82
6	5	41/2	41/2	0.5		1/8	1/8	4/4	2	1	1/8		1/8	1		-1	53	F3	3	88
6	5	41/2	41/2	0.5		1/8	1/8	4/4	2	1	1/8		1/8	1		3	57	A3	3	88
6	5	21	21	1.0		1/4	1/4	4/4	2	2	1/4		1/4	1		1	31	G1	1	94
6	5	21	21	1.0		1/4	1/4	4/4	2	2	1/4		1/4	1		1	43	G2	2	94
6	5	21	21	1.0		1/4	1/4	4/4	2	3	1/4		1/4	1		2	50	D3	3	97
6	5	21	21	1.0		1/4	1/4	4/4	1	1	1/4		1/4	1		2	62	D4	4	83
6	5	43/2	43/2	0.5		3/8	3/8	4/4	2	1	1/8		1/8	1		1	55	G3	3	89
6	5	43/2	43/2	0.5		3/8	3/8	4/4	2	1	1/8		1/8	1		-2	58	Bb3	3	89
6	5	22	22	2.0		1/2	1/2	4/4	2	2	1/2		1/2	1		0	24	C1	1	95
6	5	22	22	2.0		1/2	1/2	4/4	2	2	1/2		1/2	1		0	36	C2	2	95
6	5	22	22	1.0		1/2	1/2	4/4	2	1	1/4		1/4	1		3	57	A3	3	90
6	5	22	22	1.0		1/2	1/2	4/4	1	1	1/4		1/4	1		3	69	A4	4	84
6	5	45/2	45/2	0.5		5/8	5/8	4/4	1	2	1/8		1/8	1		2	62	D4	4	87
6	5	45/2	45/2	0.5		5/8	5/8	4/4	1	2	1/8		1/8	1		4	64	E4	4	87
6	5	23	23	0.5		3/4	3/4	4/4	1	1	1/8		1/8	1		1	55	G3	3	85
6	5	23	23	0.5		3/4	3/4	4/4	2	1	1/8		1/8	1		-2	58	Bb3	3	91
6	5	23	23	0.5		3/4	3/4	4/4	1	1	1/8		1/8	1		1	67	G4	4	85
6	5	47/2	47/2	0.5		7/8	7/8	4/4	1	1	1/8		1/8	1		3	57	A3	3	86
6	5	47/2	47/2	0.5		7/8	7/8	4/4	2	1	1/8		1/8	1		0	60	C4	4	92
6	5	47/2	47/2	0.5		7/8	7/8	4/4	1	1	1/8		1/8	1		3	69	A4	4	86
7	6	24	24	1.0		0	0	4/4	2	2	1/4		1/4	1		1	43	G2	2	107
7	6	49/2	49/2	0.5		1/8	1/8	4/4	2	1	1/8		1/8	1		-1	53	F3	3	101
7	6	49/2	49/2	0.5		1/8	1/8	4/4	2	1	1/8		1/8	1		-2	58	Bb3	3	101
7	6	49/2	49/2	0.5		1/8	1/8	4/4	2	1	1/8		1/8	1		2	62	D4	4	101
7	6	25	25	0.5		1/4	1/4	4/4	2	2	1/8		1/8	1		2	50	D3	3	108
7	6	25	25	0.5		1/4	1/4	4/4	2	1	1/8		1/8	1		4	52	E3	3	102
7	6	25	25	0.5		1/4	1/4	4/4	2	1	1/8		1/8	1		3	57	A3	3	102
7	6	25	25	0.5		1/4	1/4	4/4	2	1	1/8		1/8	1		0	60	C4	4	102
7	6	51/2	51/2	0.5		3/8	3/8	4/4	2	1	1/8		1/8	1		-1	53	F3	3	103
7	6	51/2	51/2	0.5		3/8	3/8	4/4	2	2	1/8		1/8	1		1	55	G3	3	109
7	6	51/2	51/2	0.5		3/8	3/8	4/4	2	1	1/8		1/8	1		-2	58	Bb3	3	103
7	6	51/2	51/2	0.5		3/8	3/8	4/4	2	1	1/8		1/8	1		2	62	D4	4	103
7	6	26	26	1.0		1/2	1/2	4/4	2	1	1/4		1/4	1		1	67	G4	4	104
7	6	53/2	53/2	0.5		5/8	5/8	4/4	1	1	1/8		1/8	1		-1	65	F4	4	98
7	6	53/2	53/2	0.5		5/8	5/8	4/4	1	1	1/8		1/8	1		-2	70	Bb4	4	98
7	6	53/2	53/2	0.5		5/8	5/8	4/4	1	1	1/8		1/8	1		2	74	D5	5	98
7	6	27	27	0.5		3/4	3/4	4/4	2	1	1/8		1/8	1		2	62	D4	4	105
7	6	27	27	0.5		3/4	3/4	4/4	1	1	1/8		1/8	1		4	64	E4	4	99
7	6	27	27	0.5		3/4	3/4	4/4	1	1	1/8		1/8	1		3	69	A4	4	99
7	6	27	27	0.5		3/4	3/4	4/4	1	1	1/8		1/8	1		0	72	C5	5	99
7	6	55/2	55/2	0.5		7/8	7/8	4/4	1	1	1/8		1/8	1		-1	65	F4	4	100
7	6	55/2	55/2	0.5		7/8	7/8	4/4	2	1	1/8		1/8	1		1	67	G4	4	106
7	6	55/2	55/2	0.5		7/8	7/8	4/4	1	1	1/8		1/8	1		-2	70	Bb4	4	100
7	6	55/2	55/2	0.5		7/8	7/8	4/4	1	1	1/8		1/8	1		2	74	D5	5	100
8	7	28	28	1.0		0	0	4/4	2	1	1/4		1/4	1		1	67	G4	4	116
8	7	57/2	57/2	0.5		1/8	1/8	4/4	1	1	1/8		1/8	1		-1	65	F4	4	110
8	7	57/2	57/2	0.5		1/8	1/8	4/4	1	1	1/8		1/8	1		-2	70	Bb4	4	110
8	7	57/2	57/2	0.5		1/8	1/8	4/4	1	1	1/8		1/8	1		2	74	D5	5	110
8	7	29	29	0.5		1/4	1/4	4/4	2	1	1/8		1/8	1		2	62	D4	4	117
8	7	29	29	0.5		1/4	1/4	4/4	1	1	1/8		1/8	1		4	64	E4	4	111
8	7	29	29	0.5		1/4	1/4	4/4	1	1	1/8		1/8	1		3	69	A4	4	111
8	7	29	29	0.5		1/4	1/4	4/4	1	1	1/8		1/8	1		0	72	C5	5	111
8	7	59/2	59/2	0.5		3/8	3/8	4/4	1	1	1/8		1/8	1		-1	65	F4	4	112
8	7	59/2	59/2	0.5		3/8	3/8	4/4	2	1	1/8		1/8	1		1	67	G4	4	118
8	7	59/2	59/2	0.5		3/8	3/8	4/4	1	1	1/8		1/8	1		-2	70	Bb4	4	112
8	7	59/2	59/2	0.5		3/8	3/8	4/4	1	1	1/8		1/8	1		2	74	D5	5	112
8	7	30	30	1.0		1/2	1/2	4/4	2	1	1/4		1/4	1		1	67	G4	4	119
8	7	61/2	61/2	0.5		5/8	5/8	4/4	1	1	1/8		1/8	1		-1	65	F4	4	113
8	7	61/2	61/2	0.5		5/8	5/8	4/4	1	1	1/8		1/8	1		-2	70	Bb4	4	113
8	7	61/2	61/2	0.5		5/8	5/8	4/4	1	1	1/8		1/8	1		2	74	D5	5	113
8	7	31	31	0.5		3/4	3/4	4/4	2	1	1/8		1/8	1		2	62	D4	4	120
8	7	31	31	0.5		3/4	3/4	4/4	1	1	1/8		1/8	1		4	64	E4	4	114
8	7	31	31	0.5		3/4	3/4	4/4	1	1	1/8		1/8	1		3	69	A4	4	114
8	7	31	31	0.5		3/4	3/4	4/4	1	1	1/8		1/8	1		0	72	C5	5	114
8	7	63/2	63/2	0.5		7/8	7/8	4/4	1	1	1/8		1/8	1		-1	65	F4	4	115
8	7	63/2	63/2	0.5		7/8	7/8	4/4	2	1	1/8		1/8	1		1	67	G4	4	121
8	7	63/2	63/2	0.5		7/8	7/8	4/4	1	1	1/8		1/8	1		-2	70	Bb4	4	115
8	7	63/2	63/2	0.5		7/8	7/8	4/4	1	1	1/8		1/8	1		2	74	D5	5	115
9	8	32	32	1.5		0	0	3/8	2	1	3/8		1/4	3/2		1	43	G2	2	126
9	8	32	32	1.5		0	0	3/8	2	1	3/8		1/4	3/2		2	50	D3	3	126
9	8	32	32	1.5		0	0	3/8	2	1	3/8		1/4	3/2		-2	58	Bb3	3	126
9	8	32	32	0.5		0	0	3/8	1	2	1/8		1/8	1		3	69	A4	4	123
9	8	32	32	0.5		0	0	3/8	1	2	1/8		1/8	1		2	74	D5	5	123
9	8	32	32	0.5		0	0	3/8	1	2	1/8		1/8	1		-1	77	F5	5	123
9	8	32	32	1.5		0	0	3/8	1	1	3/8		1/4	3/2	1	3	81	A5	5	122
9	8	65/2	65/2	0.5		1/8	1/8	3/8	1	2	1/8		1/8	1		-1	65	F4	4	124
9	8	65/2	65/2	0.5		1/8	1/8	3/8	1	2	1/8		1/8	1		-2	70	Bb4	4	124
9	8	65/2	65/2	0.5		1/8	1/8	3/8	1	2	1/8		1/8	1		2	74	D5	5	124
9	8	33	33	0.5		1/4	1/4	3/8	1	2	1/8		1/8	1		2	62	D4	4	125
9	8	33	33	0.5		1/4	1/4	3/8	1	2	1/8		1/8	1		1	67	G4	4	125
10	9	67/2	67/2	0.5		0	0	3/8	1	2	1/8		1/8	1		-1	65	F4	4	128
10	9	67/2	67/2	0.5		0	0	3/8	1	2	1/8		1/8	1		-2	70	Bb4	4	128
10	9	67/2	67/2	0.5		0	0	3/8	1	2	1/8		1/8	1		2	74	D5	5	128
10	9	67/2	67/2	1.5		0	0	3/8	1	1	3/8		1/4	3/2	-1	3	81	A5	5	127
10	9	34	34	0.25		1/8	1/8	3/8	1	2	1/16		1/16	1		2	62	D4	4	129
10	9	34	34	0.25		1/8	1/8	3/8	1	2	1/16		1/16	1		1	67	G4	4	129
10	9	137/4	137/4	0.25		3/16	3/16	3/8	1	2	1/16		1/16	1		-1	65	F4	4	130
10	9	137/4	137/4	0.25		3/16	3/16	3/8	1	2	1/16		1/16	1		-2	70	Bb4	4	130
10	9	137/4	137/4	0.25		3/16	3/16	3/8	1	2	1/16		1/16	1		2	74	D5	5	130
10	9	69/2	69/2	0.5		1/4	1/4	3/8	1	2	1/8		1/8	1		2	62	D4	4	131
10	9	69/2	69/2	0.5		1/4	1/4	3/8	1	2	1/8		1/8	1		1	67	G4	4	131
11	10	35	35	1.5		0	0	3/8	2	1	3/8		1/4	3/2		1	43	G2	2	136
11	10	35	35	1.5		0	0	3/8	2	1	3/8		1/4	3/2		2	50	D3	3	136
11	10	35	35	1.5		0	0	3/8	2	1	3/8		1/4	3/2		-2	58	Bb3	3	136
11	10	35	35	0.5		0	0	3/8	1	2	1/8		1/8	1		3	69	A4	4	133
11	10	35	35	0.5		0	0	3/8	1	2	1/8		1/8	1		2	74	D5	5	133
11	10	35	35	0.5		0	0	3/8	1	2	1/8		1/8	1		-1	77	F5	5	133
11	10	35	35	1.5		0	0	3/8	1	1	3/8		1/4	3/2	1	3	81	A5	5	132
11	10	71/2	71/2	0.5		1/8	1/8	3/8	1	2	1/8		1/8	1		-1	65	F4	4	134
11	10	71/2	71/2	0.5		1/8	1/8	3/8	1	2	1/8		1/8	1		-2	70	Bb4	4	134
11	10	71/2	71/2	0.5		1/8	1/8	3/8	1	2	1/8		1/8	1		2	74	D5	5	134
11	10	36	36	0.5		1/4	1/4	3/8	1	2	1/8		1/8	1		2	62	D4	4	135
11	10	36	36	0.5		1/4	1/4	3/8	1	2	1/8		1/8	1		1	67	G4	4	135
12	11	73/2	73/2	0.5		0	0	3/8	1	2	1/8		1/8	1		-1	65	F4	4	138
12	11	73/2	73/2	0.5		0	0	3/8	1	2	1/8		1/8	1		-2	70	Bb4	4	138
12	11	73/2	73/2	0.5		0	0	3/8	1	2	1/8		1/8	1		2	74	D5	5	138
12	11	73/2	73/2	1.5		0	0	3/8	1	1	3/8		1/4	3/2	-1	3	81	A5	5	137
12	11	37	37	0.25		1/8	1/8	3/8	1	2	1/16		1/16	1		2	62	D4	4	139
12	11	37	37	0.25		1/8	1/8	3/8	1	2	1/16		1/16	1		1	67	G4	4	139
12	11	149/4	149/4	0.25		3/16	3/16	3/8	1	2	1/16		1/16	1		-1	65	F4	4	140
12	11	149/4	149/4	0.25		3/16	3/16	3/8	1	2	1/16		1/16	1		-2	70	Bb4	4	140
12	11	149/4	149/4	0.25		3/16	3/16	3/8	1	2	1/16		1/16	1		2	74	D5	5	140
12	11	75/2	75/2	0.5		1/4	1/4	3/8	1	2	1/8		1/8	1		2	62	D4	4	141
12	11	75/2	75/2	0.5		1/4	1/4	3/8	1	2	1/8		1/8	1		1	67	G4	4	141
13	12	38	38	0.5		0	0	3/8	1	1	1/8		1/8	1		3	81	A5	5	142
13	12	77/2	77/2	0.5		1/8	1/8	3/8	2	1	1/8		1/8	1	1	-1	65	F4	4	145
13	12	77/2	77/2	0.5		1/8	1/8	3/8	2	1	1/8		1/8	1	1	-2	70	Bb4	4	145
13	12	77/2	77/2	0.5		1/8	1/8	3/8	2	1	1/8		1/8	1		2	74	D5	5	145
13	12	77/2	77/2	0.5		1/8	1/8	3/8	1	1	1/8		1/8	1		-2	82	Bb5	5	143
13	12	39	39	0.5		1/4	1/4	3/8	2	1	1/8		1/8	1		2	62	D4	4	146
13	12	39	39	0.5		1/4	1/4	3/8	2	1	1/8		1/8	1	-1	-1	65	F4	4	146
13	12	39	39	0.5		1/4	1/4	3/8	2	1	1/8		1/8	1	-1	-2	70	Bb4	4	146
13	12	39	39	0.5		1/4	1/4	3/8	1	1	1/8		1/8	1		0	84	C6	6	144
14	13	79/2	79/2	0.5		0	0	3/8	2	1	1/8		1/8	1		3	57	A3	3	150
14	13	79/2	79/2	0.5		0	0	3/8	2	1	1/8		1/8	1		0	60	C4	4	150
14	13	79/2	79/2	0.5		0	0	3/8	2	1	1/8		1/8	1		4	64	E4	4	150
14	13	79/2	79/2	0.5		0	0	3/8	1	1	1/8		1/8	1		3	81	A5	5	147
14	13	40	40	0.75		1/8	1/8	3/8	2	1	3/16		1/8	3/2		-1	53	F3	3	151
14	13	40	40	0.75		1/8	1/8	3/8	2	1	3/16		1/8	3/2		-2	58	Bb3	3	151
14	13	40	40	0.75		1/8	1/8	3/8	2	1	3/16		1/8	3/2		2	62	D4	4	151
14	13	40	40	0.5		1/8	1/8	3/8	1	1	1/8		1/8	1		1	79	G5	5	148
14	13	81/2	81/2	0.5		1/4	1/4	3/8	1	1	1/8		1/8	1		2	74	D5	5	149
15	14	41	41	0.5		0	0	3/8	1	1	1/8		1/8	1		3	81	A5	5	152
15	14	83/2	83/2	0.5		1/8	1/8	3/8	2	1	1/8		1/8	1		4	64	E4	4	155
15	14	83/2	83/2	0.5		1/8	1/8	3/8	2	1	1/8		1/8	1		3	69	A4	4	155
15	14	83/2	83/2	0.5		1/8	1/8	3/8	2	1	1/8		1/8	1		0	72	C5	5	155
15	14	83/2	83/2	0.5		1/8	1/8	3/8	1	1	1/8		1/8	1		-2	82	Bb5	5	153
15	14	42	42	0.5		1/4	1/4	3/8	2	1	1/8		1/8	1		-1	65	F4	4	156
15	14	42	42	0.5		1/4	1/4	3/8	2	1	1/8		1/8	1		-2	70	Bb4	4	156
15	14	42	42	0.5		1/4	1/4	3/8	2	1	1/8		1/8	1		2	74	D5	5	156
15	14	42	42	0.5		1/4	1/4	3/8	1	1	1/8		1/8	1		0	84	C6	6	154
16	15	85/2	85/2	0.0		0	0	3/8	1	1	0	grace16	1/32	1		3	81	A5	5	157
16	15	85/2	85/2	0.0		0	0	3/8	1	1	0	grace16	1/32	1		-2	82	Bb5	5	158
16	15	85/2	85/2	0.5		0	0	3/8	2	1	1/8		1/8	1		2	62	D4	4	162
16	15	85/2	85/2	0.5		0	0	3/8	2	1	1/8		1/8	1		1	67	G4	4	162
16	15	85/2	85/2	0.5		0	0	3/8	2	1	1/8		1/8	1		-2	70	Bb4	4	162
16	15	85/2	85/2	0.5		0	0	3/8	1	1	1/8		1/8	1		3	81	A5	5	159
16	15	43	43	0.5		1/8	1/8	3/8	2	1	1/8		1/8	1		0	60	C4	4	163
16	15	43	43	0.5		1/8	1/8	3/8	2	1	1/8		1/8	1		-1	65	F4	4	163
16	15	43	43	0.5		1/8	1/8	3/8	2	1	1/8		1/8	1		3	69	A4	4	163
16	15	43	43	0.5		1/8	1/8	3/8	1	1	1/8		1/8	1		1	79	G5	5	160
16	15	87/2	87/2	0.5		1/4	1/4	3/8	2	1	1/8		1/8	1		5	59	B3	3	164
16	15	87/2	87/2	0.5		1/4	1/4	3/8	2	1	1/8		1/8	1		4	64	E4	4	164
16	15	87/2	87/2	0.5		1/4	1/4	3/8	2	1	1/8		1/8	1		1	67	G4	4	164
16	15	87/2	87/2	0.5		1/4	1/4	3/8	1	1	1/8		1/8	1		2	74	D5	5	161
17	16	44	44	1.5		0	0	3/8	2	1	3/8		1/4	3/2		1	43	G2	2	169
17	16	44	44	1.5		0	0	3/8	2	1	3/8		1/4	3/2		2	50	D3	3	169
17	16	44	44	1.5		0	0	3/8	2	1	3/8		1/4	3/2		-2	58	Bb3	3	169
17	16	44	44	0.5		0	0	3/8	1	2	1/8		1/8	1		3	69	A4	4	166
17	16	44	44	0.5		0	0	3/8	1	2	1/8		1/8	1		2	74	D5	5	166
17	16	44	44	0.5		0	0	3/8	1	2	1/8		1/8	1		-1	77	F5	5	166
17	16	44	44	1.5		0	0	3/8	1	1	3/8		1/4	3/2	1	3	81	A5	5	165
17	16	89/2	89/2	0.5		1/8	1/8	3/8	1	2	1/8		1/8	1		-1	65	F4	4	167
17	16	89/2	89/2	0.5		1/8	1/8	3/8	1	2	1/8		1/8	1		-2	70	Bb4	4	167
17	16	89/2	89/2	0.5		1/8	1/8	3/8	1	2	1/8		1/8	1		2	74	D5	5	167
17	16	45	45	0.5		1/4	1/4	3/8	1	2	1/8		1/8	1		2	62	D4	4	168
17	16	45	45	0.5		1/4	1/4	3/8	1	2	1/8		1/8	1		1	67	G4	4	168
18	17	91/2	91/2	0.5		0	0	3/8	1	2	1/8		1/8	1		-1	65	F4	4	171
18	17	91/2	91/2	0.5		0	0	3/8	1	2	1/8		1/8	1		-2	70	Bb4	4	171
18	17	91/2	91/2	0.5		0	0	3/8	1	2	1/8		1/8	1		2	74	D5	5	171
18	17	91/2	91/2	1.5		0	0	3/8	1	1	3/8		1/4	3/2	-1	3	81	A5	5	170
18	17	46	46	0.25		1/8	1/8	3/8	1	2	1/16		1/16	1		2	62	D4	4	172
18	17	46	46	0.25		1/8	1/8	3/8	1	2	1/16		1/16	1		1	67	G4	4	172
18	17	185/4	185/4	0.25		3/16	3/16	3/8	1	2	1/16		1/16	1		-1	65	F4	4	173
18	17	185/4	185/4	0.25		3/16	3/16	3/8	1	2	1/16		1/16	1		-2	70	Bb4	4	173
18	17	185/4	185/4	0.25		3/16	3/16	3/8	1	2	1/16		1/16	1		2	74	D5	5	173
18	17	93/2	93/2	0.5		1/4	1/4	3/8	1	2	1/8		1/8	1		2	62	D4	4	174
18	17	93/2	93/2	0.5		1/4	1/4	3/8	1	2	1/8		1/8	1		1	67	G4	4	174
19	18	47	47	1.5		0	0	3/8	2	1	3/8		1/4	3/2		1	43	G2	2	179
19	18	47	47	1.5		0	0	3/8	2	1	3/8		1/4	3/2		2	50	D3	3	179
19	18	47	47	1.5		0	0	3/8	2	1	3/8		1/4	3/2		-2	58	Bb3	3	179
19	18	47	47	0.5		0	0	3/8	1	2	1/8		1/8	1		3	69	A4	4	176
19	18	47	47	0.5		0	0	3/8	1	2	1/8		1/8	1		2	74	D5	5	176
19	18	47	47	0.5		0	0	3/8	1	2	1/8		1/8	1		-1	77	F5	5	176
19	18	47	47	1.5		0	0	3/8	1	1	3/8		1/4	3/2	1	3	81	A5	5	175
19	18	95/2	95/2	0.5		1/8	1/8	3/8	1	2	1/8		1/8	1		-1	65	F4	4	177
19	18	95/2	95/2	0.5		1/8	1/8	3/8	1	2	1/8		1/8	1		-2	70	Bb4	4	177
19	18	95/2	95/2	0.5		1/8	1/8	3/8	1	2	1/8		1/8	1		2	74	D5	5	177
19	18	48	48	0.5		1/4	1/4	3/8	1	2	1/8		1/8	1		2	62	D4	4	178
19	18	48	48	0.5		1/4	1/4	3/8	1	2	1/8		1/8	1		1	67	G4	4	178
20	19	97/2	97/2	0.5		0	0	3/8	1	2	1/8		1/8	1		3	69	A4	4	181
20	19	97/2	97/2	0.5		0	0	3/8	1	2	1/8		1/8	1		2	74	D5	5	181
20	19	97/2	97/2	0.5		0	0	3/8	1	2	1/8		1/8	1		-1	77	F5	5	181
20	19	97/2	97/2	1.5		0	0	3/8	1	1	3/8		1/4	3/2	-1	3	81	A5	5	180
20	19	49	49	0.5		1/8	1/8	3/8	1	2	1/8		1/8	1		-1	65	F4	4	182
20	19	49	49	0.5		1/8	1/8	3/8	1	2	1/8		1/8	1		-2	70	Bb4	4	182
20	19	49	49	0.5		1/8	1/8	3/8	1	2	1/8		1/8	1		2	74	D5	5	182
20	19	99/2	99/2	0.5		1/4	1/4	3/8	1	2	1/8		1/8	1		2	62	D4	4	183
20	19	99/2	99/2	0.5		1/4	1/4	3/8	1	2	1/8		1/8	1		1	67	G4	4	183
21	20	50	50	0.5		0	0	3/8	2	1	1/8		1/8	1		4	64	E4	4	190
21	20	50	50	0.25		0	0	3/8	1	1	1/16		1/16	1		4	76	E5	5	184
21	20	201/4	201/4	0.25		1/16	1/16	3/8	1	1	1/16		1/16	1		-1	77	F5	5	185
21	20	101/2	101/2	0.5		1/8	1/8	3/8	2	1	1/8		1/8	1		-1	53	F3	3	191
21	20	101/2	101/2	0.25		1/8	1/8	3/8	1	1	1/16		1/16	1		1	79	G5	5	186
21	20	203/4	203/4	0.25		3/16	3/16	3/8	1	1	1/16		1/16	1		4	76	E5	5	187
21	20	51	51	0.5		1/4	1/4	3/8	2	1	1/8		1/8	1		3	57	A3	3	192
21	20	51	51	0.25		1/4	1/4	3/8	1	1	1/16		1/16	1		-1	77	F5	5	188
21	20	205/4	205/4	0.25		5/16	5/16	3/8	1	1	1/16		1/16	1		1	79	G5	5	189
22	21	103/2	103/2	0.5		0	0	3/8	2	1	1/8		1/8	1		0	48	C3	3	199
22	21	103/2	103/2	0.25		0	0	3/8	1	1	1/16		1/16	1		4	76	E5	5	193
22	21	207/4	207/4	0.25		1/16	1/16	3/8	1	1	1/16		1/16	1		-1	77	F5	5	194
22	21	52	52	0.5		1/8	1/8	3/8	2	1	1/8		1/8	1		-1	41	F2	2	200
22	21	52	52	0.25		1/8	1/8	3/8	1	1	1/16		1/16	1		1	79	G5	5	195
22	21	209/4	209/4	0.25		3/16	3/16	3/8	1	1	1/16		1/16	1		4	76	E5	5	196
22	21	105/2	105/2	0.5		1/4	1/4	3/8	2	1	1/8		1/8	1		3	57	A3	3	201
22	21	105/2	105/2	0.25		1/4	1/4	3/8	1	1	1/16		1/16	1		-1	77	F5	5	197
22	21	211/4	211/4	0.25		5/16	5/16	3/8	1	1	1/16		1/16	1		1	79	G5	5	198
23	22	53	53	0.5		0	0	3/8	2	1	1/8		1/8	1		4	64	E4	4	208
23	22	53	53	0.25		0	0	3/8	1	1	1/16		1/16	1		4	76	E5	5	202
23	22	213/4	213/4	0.25		1/16	1/16	3/8	1	1	1/16		1/16	1		-1	77	F5	5	203
23	22	107/2	107/2	0.5		1/8	1/8	3/8	2	1	1/8		1/8	1		-1	53	F3	3	209
23	22	107/2	107/2	0.25		1/8	1/8	3/8	1	1	1/16		1/16	1		1	79	G5	5	204
23	22	215/4	215/4	0.25		3/16	3/16	3/8	1	1	1/16		1/16	1		4	76	E5	5	205
23	22	54	54	0.5		1/4	1/4	3/8	2	1	1/8		1/8	1		3	57	A3	3	210
23	22	54	54	0.25		1/4	1/4	3/8	1	1	1/16		1/16	1		-1	77	F5	5	206
23	22	217/4	217/4	0.25		5/16	5/16	3/8	1	1	1/16		1/16	1		1	79	G5	5	207
24	23	109/2	109/2	0.5		0	0	3/8	2	1	1/8		1/8	1		0	48	C3	3	217
24	23	109/2	109/2	0.25		0	0	3/8	1	1	1/16		1/16	1		4	76	E5	5	211
24	23	219/4	219/4	0.25		1/16	1/16	3/8	1	1	1/16		1/16	1		-1	77	F5	5	212
24	23	55	55	0.5		1/8	1/8	3/8	2	1	1/8		1/8	1		-1	41	F2	2	218
24	23	55	55	0.25		1/8	1/8	3/8	1	1	1/16		1/16	1		1	79	G5	5	213
24	23	221/4	221/4	0.25		3/16	3/16	3/8	1	1	1/16		1/16	1		4	76	E5	5	214
24	23	111/2	111/2	0.5		1/4	1/4	3/8	2	1	1/8		1/8	1		3	57	A3	3	219
24	23	111/2	111/2	0.25		1/4	1/4	3/8	1	1	1/16		1/16	1		-1	77	F5	5	215
24	23	223/4	223/4	0.25		5/16	5/16	3/8	1	1	1/16		1/16	1		1	79	G5	5	216
25	24	56	56	1.5		0	0	3/8	2	1	3/8		1/4	3/2		1	43	G2	2	224
25	24	56	56	1.5		0	0	3/8	2	1	3/8		1/4	3/2		2	50	D3	3	224
25	24	56	56	1.5		0	0	3/8	2	1	3/8		1/4	3/2		-2	58	Bb3	3	224
25	24	56	56	0.5		0	0	3/8	1	2	1/8		1/8	1		3	69	A4	4	221
25	24	56	56	0.5		0	0	3/8	1	2	1/8		1/8	1		2	74	D5	5	221
25	24	56	56	0.5		0	0	3/8	1	2	1/8		1/8	1		-1	77	F5	5	221
25	24	56	56	1.5		0	0	3/8	1	1	3/8		1/4	3/2	1	3	81	A5	5	220
25	24	113/2	113/2	0.5		1/8	1/8	3/8	1	2	1/8		1/8	1		-1	65	F4	4	222
25	24	113/2	113/2	0.5		1/8	1/8	3/8	1	2	1/8		1/8	1		-2	70	Bb4	4	222
25	24	113/2	113/2	0.5		1/8	1/8	3/8	1	2	1/8		1/8	1		2	74	D5	5	222
25	24	57	57	0.5		1/4	1/4	3/8	1	2	1/8		1/8	1		2	62	D4	4	223
25	24	57	57	0.5		1/4	1/4	3/8	1	2	1/8		1/8	1		1	67	G4	4	223
26	25	115/2	115/2	0.5		0	0	3/8	1	2	1/8		1/8	1		-1	65	F4	4	226
26	25	115/2	115/2	0.5		0	0	3/8	1	2	1/8		1/8	1		-2	70	Bb4	4	226
26	25	115/2	115/2	0.5		0	0	3/8	1	2	1/8		1/8	1		2	74	D5	5	226
26	25	115/2	115/2	1.5		0	0	3/8	1	1	3/8		1/4	3/2	-1	3	81	A5	5	225
26	25	58	58	0.25		1/8	1/8	3/8	1	2	1/16		1/16	1		2	62	D4	4	227
26	25	58	58	0.25		1/8	1/8	3/8	1	2	1/16		1/16	1		1	67	G4	4	227
26	25	233/4	233/4	0.25		3/16	3/16	3/8	1	2	1/16		1/16	1		-1	65	F4	4	228
26	25	233/4	233/4	0.25		3/16	3/16	3/8	1	2	1/16		1/16	1		-2	70	Bb4	4	228
26	25	233/4	233/4	0.25		3/16	3/16	3/8	1	2	1/16		1/16	1		2	74	D5	5	228
26	25	117/2	117/2	0.5		1/4	1/4	3/8	1	2	1/8		1/8	1		2	62	D4	4	229
26	25	117/2	117/2	0.5		1/4	1/4	3/8	1	2	1/8		1/8	1		1	67	G4	4	229
27	26	59	59	1.5		0	0	3/8	2	1	3/8		1/4	3/2		1	43	G2	2	234
27	26	59	59	1.5		0	0	3/8	2	1	3/8		1/4	3/2		2	50	D3	3	234
27	26	59	59	1.5		0	0	3/8	2	1	3/8		1/4	3/2		-2	58	Bb3	3	234
27	26	59	59	0.5		0	0	3/8	1	2	1/8		1/8	1		3	69	A4	4	231
27	26	59	59	0.5		0	0	3/8	1	2	1/8		1/8	1		2	74	D5	5	231
27	26	59	59	0.5		0	0	3/8	1	2	1/8		1/8	1		-1	77	F5	5	231
27	26	59	59	1.5		0	0	3/8	1	1	3/8		1/4	3/2	1	3	81	A5	5	230
27	26	119/2	119/2	0.5		1/8	1/8	3/8	1	2	1/8		1/8	1		-1	65	F4	4	232
27	26	119/2	119/2	0.5		1/8	1/8	3/8	1	2	1/8		1/8	1		-2	70	Bb4	4	232
27	26	119/2	119/2	0.5		1/8	1/8	3/8	1	2	1/8		1/8	1		2	74	D5	5	232
27	26	60	60	0.5		1/4	1/4	3/8	1	2	1/8		1/8	1		2	62	D4	4	233
27	26	60	60	0.5		1/4	1/4	3/8	1	2	1/8		1/8	1		1	67	G4	4	233
28	27	121/2	121/2	0.5		0	0	3/8	1	2	1/8		1/8	1		-1	65	F4	4	236
28	27	121/2	121/2	0.5		0	0	3/8	1	2	1/8		1/8	1		-2	70	Bb4	4	236
28	27	121/2	121/2	0.5		0	0	3/8	1	2	1/8		1/8	1		2	74	D5	5	236
28	27	121/2	121/2	1.5		0	0	3/8	1	1	3/8		1/4	3/2	-1	3	81	A5	5	235
28	27	61	61	0.25		1/8	1/8	3/8	1	2	1/16		1/16	1		2	62	D4	4	237
28	27	61	61	0.25		1/8	1/8	3/8	1	2	1/16		1/16	1		1	67	G4	4	237
28	27	245/4	245/4	0.25		3/16	3/16	3/8	1	2	1/16		1/16	1		-1	65	F4	4	238
28	27	245/4	245/4	0.25		3/16	3/16	3/8	1	2	1/16		1/16	1		-2	70	Bb4	4	238
28	27	245/4	245/4	0.25		3/16	3/16	3/8	1	2	1/16		1/16	1		2	74	D5	5	238
28	27	123/2	123/2	0.5		1/4	1/4	3/8	1	2	1/8		1/8	1		2	62	D4	4	239
28	27	123/2	123/2	0.5		1/4	1/4	3/8	1	2	1/8		1/8	1		1	67	G4	4	239
29	28	62	62	0.5		0	0	3/8	2	1	1/8		1/8	1		-2	58	Bb3	3	243
29	28	62	62	0.5		0	0	3/8	1	1	1/8		1/8	1		3	81	A5	5	240
29	28	125/2	125/2	0.5		1/8	1/8	3/8	2	1	1/8		1/8	1		2	50	D3	3	244
29	28	125/2	125/2	0.5		1/8	1/8	3/8	1	1	1/8		1/8	1		-2	82	Bb5	5	241
29	28	63	63	0.5		1/4	1/4	3/8	2	1	1/8		1/8	1		1	43	G2	2	245
29	28	63	63	0.5		1/4	1/4	3/8	1	1	1/8		1/8	1		0	84	C6	6	242
30	29	127/2	127/2	0.5		0	0	3/8	1	2	1/8		1/8	1		3	69	A4	4	249
30	29	127/2	127/2	0.5		0	0	3/8	1	1	1/8		1/8	1		3	81	A5	5	246
30	29	64	64	0.5		1/8	1/8	3/8	1	2	1/8		1/8	1		-1	65	F4	4	250
30	29	64	64	0.5		1/8	1/8	3/8	1	1	1/8		1/8	1		1	79	G5	5	247
30	29	129/2	129/2	0.5		1/4	1/4	3/8	1	2	1/8		1/8	1		-2	58	Bb3	3	251
30	29	129/2	129/2	0.5		1/4	1/4	3/8	1	1	1/8		1/8	1		2	74	D5	5	248
31	30	65	65	0.5		0	0	3/8	1	2	1/8		1/8	1		3	69	A4	4	255
31	30	65	65	0.5		0	0	3/8	1	1	1/8		1/8	1		3	81	A5	5	252
31	30	131/2	131/2	0.5		1/8	1/8	3/8	1	2	1/8		1/8	1		-1	65	F4	4	256
31	30	131/2	131/2	0.5		1/8	1/8	3/8	1	1	1/8		1/8	1		2	74	D5	5	253
31	30	66	66	0.5		1/4	1/4	3/8	1	2	1/8		1/8	1		5	59	B3	3	257
31	30	66	66	0.5		1/4	1/4	3/8	1	1	1/8		1/8	1		4	76	E5	5	254
32	31	133/2	133/2	0.0		0	0	3/8	1	1	0	grace16after	1/32	1		1	79	G5	5	258
32	31	133/2	133/2	0.0		0	0	3/8	1	1	0	grace16after	1/32	1		-1	77	F5	5	259
32	31	133/2	133/2	0.5		0	0	3/8	2	1	1/8		1/8	1		5	59	B3	3	263
32	31	133/2	133/2	0.5		0	0	3/8	1	1	1/8		1/8	1		1	79	G5	5	260
32	31	67	67	0.5		1/8	1/8	3/8	2	1	1/8		1/8	1		2	50	D3	3	264
32	31	67	67	0.5		1/8	1/8	3/8	1	1	1/8		1/8	1		-1	77	F5	5	261
32	31	135/2	135/2	0.5		1/4	1/4	3/8	2	1	1/8		1/8	1		1	43	G2	2	265
32	31	135/2	135/2	0.5		1/4	1/4	3/8	1	1	1/8		1/8	1		4	76	E5	5	262
33	32	68	68	0.5		0	0	3/8	2	1	1/8		1/8	1		5	59	B3	3	269
33	32	68	68	0.5		0	0	3/8	1	1	1/8		1/8	1		3	81	A5	5	266
33	32	137/2	137/2	0.5		1/8	1/8	3/8	2	1	1/8		1/8	1		2	50	D3	3	270
33	32	137/2	137/2	0.5		1/8	1/8	3/8	1	1	1/8		1/8	1		-2	82	Bb5	5	267
33	32	69	69	0.5		1/4	1/4	3/8	2	1	1/8		1/8	1		1	43	G2	2	271
33	32	69	69	0.5		1/4	1/4	3/8	1	1	1/8		1/8	1		0	84	C6	6	268
34	33	139/2	139/2	0.0		0	0	3/8	1	1	0	grace32	1/32	1		3	81	A5	5	272
34	33	139/2	139/2	0.0		0	0	3/8	1	1	0	grace32	1/32	1		-2	82	Bb5	5	273
34	33	139/2	139/2	0.5		0	0	3/8	1	2	1/8		1/8	1		3	69	A4	4	277
34	33	139/2	139/2	0.5		0	0	3/8	1	1	1/8		1/8	1		3	81	A5	5	274
34	33	70	70	0.5		1/8	1/8	3/8	1	2	1/8		1/8	1		-1	65	F4	4	278
34	33	70	70	0.5		1/8	1/8	3/8	1	1	1/8		1/8	1		1	79	G5	5	275
34	33	141/2	141/2	0.5		1/4	1/4	3/8	1	2	1/8		1/8	1		-2	58	Bb3	3	279
34	33	141/2	141/2	0.5		1/4	1/4	3/8	1	1	1/8		1/8	1		2	74	D5	5	276
35	34	71	71	0.5		0	0	3/8	1	2	1/8		1/8	1		3	69	A4	4	283
35	34	71	71	0.5		0	0	3/8	1	1	1/8		1/8	1		3	81	A5	5	280
35	34	143/2	143/2	0.5		1/8	1/8	3/8	1	2	1/8		1/8	1		-1	65	F4	4	284
35	34	143/2	143/2	0.5		1/8	1/8	3/8	1	1	1/8		1/8	1		2	74	D5	5	281
35	34	72	72	0.5		1/4	1/4	3/8	1	2	1/8		1/8	1		5	59	B3	3	285
35	34	72	72	0.5		1/4	1/4	3/8	1	1	1/8		1/8	1		4	76	E5	5	282
36	35	145/2	145/2	0.5		0	0	3/8	2	1	1/8		1/8	1		5	59	B3	3	291
36	35	145/2	145/2	0.5		0	0	3/8	1	1	1/8		1/8	1		1	79	G5	5	286
36	35	73	73	0.0		1/8	1/8	3/8	1	1	0	grace32	1/32	1		-1	77	F5	5	287
36	35	73	73	0.0		1/8	1/8	3/8	1	1	0	grace32	1/32	1		1	79	G5	5	288
36	35	73	73	0.5		1/8	1/8	3/8	2	1	1/8		1/8	1		2	50	D3	3	292
36	35	73	73	0.5		1/8	1/8	3/8	1	1	1/8		1/8	1		-1	77	F5	5	289
36	35	147/2	147/2	0.5		1/4	1/4	3/8	2	1	1/8		1/8	1		1	43	G2	2	293
36	35	147/2	147/2	0.5		1/4	1/4	3/8	1	1	1/8		1/8	1		4	76	E5	5	290
37	36	74	74	0.5		0	0	3/8	2	1	1/8		1/8	1		0	48	C3	3	297
37	36	74	74	0.5		0	0	3/8	1	1	1/8		1/8	1		2	74	D5	5	294
37	36	149/2	149/2	0.5		1/8	1/8	3/8	2	1	1/8		1/8	1		-2	58	Bb3	3	298
37	36	149/2	149/2	0.5		1/8	1/8	3/8	1	1	1/8		1/8	1		0	72	C5	5	295
37	36	75	75	0.5		1/4	1/4	3/8	2	1	1/8		1/8	1		2	62	D4	4	299
37	36	75	75	0.5		1/4	1/4	3/8	1	1	1/8		1/8	1		3	69	A4	4	296
38	37	151/2	151/2	1.0		0	0	4/4	2	1	1/4		1/4	1		-1	41	F2	2	312
38	37	151/2	151/2	1.0		0	0	4/4	2	1	1/4		1/4	1		3	57	A3	3	312
38	37	151/2	151/2	1.0		0	0	4/4	1	1	1/4		1/4	1		-1	65	F4	4	300
38	37	151/2	151/2	1.0		0	0	4/4	1	1	1/4		1/4	1		-1	77	F5	5	300
38	37	76	76	0.5		1/8	1/8	4/4	1	2	1/8		1/8	1		3	69	A4	4	310
38	37	76	76	0.5		1/8	1/8	4/4	1	2	1/8		1/8	1		0	72	C5	5	310
38	37	153/2	153/2	1.0		1/4	1/4	4/4	2	1	1/4		1/4	1		-2	46	Bb2	2	313
38	37	153/2	153/2	1.0		1/4	1/4	4/4	2	1	1/4		1/4	1		2	62	D4	4	313
38	37	153/2	153/2	0.75		1/4	1/4	4/4	1	1	3/16		1/8	3/2		-1	65	F4	4	301
38	37	153/2	153/2	0.75		1/4	1/4	4/4	1	1	3/16		1/8	3/2		-1	77	F5	5	301
38	37	77	77	0.5		3/8	3/8	4/4	1	2	1/8		1/8	1		-2	70	Bb4	4	311
38	37	77	77	0.5		3/8	3/8	4/4	1	2	1/8		1/8	1		2	74	D5	5	311
38	37	309/4	309/4	0.25		7/16	7/16	4/4	1	1	1/16		1/16	1		-1	77	F5	5	302
38	37	155/2	155/2	1.0		1/2	1/2	4/4	2	1	1/4		1/4	1		1	43	G2	2	314
38	37	155/2	155/2	1.0		1/2	1/2	4/4	2	1	1/4		1/4	1		-2	58	Bb3	3	314
38	37	155/2	155/2	0.25		1/2	1/2	4/4	1	1	1/16		1/16	1		1	79	G5	5	303
38	37	311/4	311/4	0.25		9/16	9/16	4/4	1	1	1/16		1/16	1		-1	77	F5	5	304
38	37	78	78	0.25		5/8	5/8	4/4	1	1	1/16		1/16	1		4	76	E5	5	305
38	37	313/4	313/4	0.25		11/16	11/16	4/4	1	1	1/16		1/16	1		2	74	D5	5	306
38	37	157/2	157/2	1.0		3/4	3/4	4/4	2	2	1/4		1/4	1	1	0	48	C3	3	316
38	37	157/2	157/2	0.5		3/4	3/4	4/4	1	1	1/8		1/8	1		0	72	C5	5	307
38	37	79	79	0.5		7/8	7/8	4/4	2	1	1/8		1/8	1		3	57	A3	3	315
38	37	79	79	0.5		7/8	7/8	4/4	2	1	1/8		1/8	1		0	60	C4	4	315
38	37	79	79	0.25		7/8	7/8	4/4	1	1	1/16		1/16	1		4	64	E4	4	308
38	37	79	79	0.25		7/8	7/8	4/4	1	1	1/16		1/16	1		3	69	A4	4	308
38	37	79	79	0.25		7/8	7/8	4/4	1	1	1/16		1/16	1		0	72	C5	5	308
38	37	317/4	317/4	0.25		15/16	15/16	4/4	1	1	1/16		1/16	1		4	76	E5	5	309
39	38	159/2	159/2	4.0		0	0	4/4	2	2	1		1	1	-1	0	48	C3	3	333
39	38	159/2	159/2	0.5		0	0	4/4	1	1	1/8		1/8	1		0	72	C5	5	317
39	38	80	80	0.5		1/8	1/8	4/4	2	1	1/8		1/8	1		-2	58	Bb3	3	331
39	38	80	80	0.5		1/8	1/8	4/4	2	1	1/8		1/8	1		2	62	D4	4	331
39	38	80	80	0.25		1/8	1/8	4/4	1	1	1/16		1/16	1		-1	65	F4	4	318
39	38	80	80	0.25		1/8	1/8	4/4	1	1	1/16		1/16	1		3	69	A4	4	318
39	38	80	80	0.25		1/8	1/8	4/4	1	1	1/16		1/16	1		0	72	C5	5	318
39	38	321/4	321/4	0.25		3/16	3/16	4/4	1	1	1/16		1/16	1		4	76	E5	5	319
39	38	161/2	161/2	0.5		1/4	1/4	4/4	1	1	1/8		1/8	1		0	72	C5	5	320
39	38	81	81	0.5		3/8	3/8	4/4	2	1	1/8		1/8	1		0	60	C4	4	332
39	38	81	81	0.5		3/8	3/8	4/4	2	1	1/8		1/8	1		4	64	E4	4	332
39	38	81	81	0.25		3/8	3/8	4/4	1	1	1/16		1/16	1		3	69	A4	4	321
39	38	325/4	325/4	0.25		7/16	7/16	4/4	1	1	1/16		1/16	1		-2	70	Bb4	4	322
39	38	163/2	163/2	0.25		1/2	1/2	4/4	1	1	1/16		1/16	1		0	72	C5	5	323
39	38	327/4	327/4	0.25		9/16	9/16	4/4	1	1	1/16		1/16	1		-2	70	Bb4	4	324
39	38	82	82	0.25		5/8	5/8	4/4	1	1	1/16		1/16	1		3	69	A4	4	325
39	38	329/4	329/4	0.25		11/16	11/16	4/4	1	1	1/16		1/16	1		1	67	G4	4	326
39	38	165/2	165/2	0.25		3/4	3/4	4/4	1	1	1/16		1/16	1		-1	65	F4	4	327
39	38	331/4	331/4	0.25		13/16	13/16	4/4	1	1	1/16		1/16	1		0	72	C5	5	328
39	38	83	83	0.25		7/8	7/8	4/4	1	1	1/16		1/16	1		2	74	D5	5	329
39	38	333/4	333/4	0.25		15/16	15/16	4/4	1	1	1/16		1/16	1		4	76	E5	5	330
40	39	167/2	167/2	1.0		0	0	7/4	2	1	1/4		1/4	1		-1	41	F2	2	356
40	39	167/2	167/2	1.0		0	0	7/4	2	1	1/4		1/4	1		3	57	A3	3	356
40	39	167/2	167/2	1.0		0	0	7/4	1	1	1/4		1/4	1		-1	65	F4	4	334
40	39	167/2	167/2	1.0		0	0	7/4	1	1	1/4		1/4	1		-1	77	F5	5	334
40	39	84	84	0.5		1/8	1/8	7/4	1	2	1/8		1/8	1		3	69	A4	4	354
40	39	84	84	0.5		1/8	1/8	7/4	1	2	1/8		1/8	1		0	72	C5	5	354
40	39	169/2	169/2	1.0		1/4	1/4	7/4	2	1	1/4		1/4	1		-2	46	Bb2	2	357
40	39	169/2	169/2	1.0		1/4	1/4	7/4	2	1	1/4		1/4	1		2	62	D4	4	357
40	39	169/2	169/2	0.75		1/4	1/4	7/4	1	1	3/16		1/8	3/2		-1	65	F4	4	335
40	39	169/2	169/2	0.75		1/4	1/4	7/4	1	1	3/16		1/8	3/2		-1	77	F5	5	335
40	39	85	85	0.5		3/8	3/8	7/4	1	2	1/8		1/8	1		-2	70	Bb4	4	355
40	39	85	85	0.5		3/8	3/8	7/4	1	2	1/8		1/8	1		2	74	D5	5	355
40	39	341/4	341/4	0.25		7/16	7/16	7/4	1	1	1/16		1/16	1		-1	77	F5	5	336
40	39	171/2	171/2	1.0		1/2	1/2	7/4	2	1	1/4		1/4	1		1	43	G2	2	358
40	39	171/2	171/2	1.0		1/2	1/2	7/4	2	1	1/4		1/4	1		-2	58	Bb3	3	358
40	39	171/2	171/2	0.25		1/2	1/2	7/4	1	1	1/16		1/16	1		1	79	G5	5	337
40	39	343/4	343/4	0.25		9/16	9/16	7/4	1	1	1/16		1/16	1		-1	77	F5	5	338
40	39	86	86	0.25		5/8	5/8	7/4	1	1	1/16		1/16	1		4	76	E5	5	339
40	39	345/4	345/4	0.25		11/16	11/16	7/4	1	1	1/16		1/16	1		2	74	D5	5	340
40	39	173/2	173/2	4.0		3/4	3/4	7/4	2	2	1		1	1		0	48	C3	3	362
40	39	173/2	173/2	0.5		3/4	3/4	7/4	1	1	1/8		1/8	1		0	72	C5	5	341
40	39	87	87	0.5		7/8	7/8	7/4	2	1	1/8		1/8	1		3	57	A3	3	359
40	39	87	87	0.5		7/8	7/8	7/4	2	1	1/8		1/8	1		0	60	C4	4	359
40	39	87	87	0.25		7/8	7/8	7/4	1	1	1/16		1/16	1		4	64	E4	4	342
40	39	87	87	0.25		7/8	7/8	7/4	1	1	1/16		1/16	1		3	69	A4	4	342
40	39	87	87	0.25		7/8	7/8	7/4	1	1	1/16		1/16	1		0	72	C5	5	342
40	39	349/4	349/4	0.25		15/16	15/16	7/4	1	1	1/16		1/16	1		4	76	E5	5	343
40	39	175/2	175/2	0.5		1	1	7/4	1	1	1/8		1/8	1		0	72	C5	5	344
40	39	88	88	0.5		9/8	9/8	7/4	2	1	1/8		1/8	1		-2	58	Bb3	3	360
40	39	88	88	0.5		9/8	9/8	7/4	2	1	1/8		1/8	1		2	62	D4	4	360
40	39	88	88	0.25		9/8	9/8	7/4	1	1	1/16		1/16	1		-1	65	F4	4	345
40	39	88	88	0.25		9/8	9/8	7/4	1	1	1/16		1/16	1		3	69	A4	4	345
40	39	88	88	0.25		9/8	9/8	7/4	1	1	1/16		1/16	1		0	72	C5	5	345
40	39	353/4	353/4	0.25		19/16	19/16	7/4	1	1	1/16		1/16	1		4	76	E5	5	346
40	39	177/2	177/2	0.5		5/4	5/4	7/4	1	1	1/8		1/8	1		0	72	C5	5	347
40	39	89	89	0.5		11/8	11/8	7/4	2	1	1/8		1/8	1		0	60	C4	4	361
40	39	89	89	0.5		11/8	11/8	7/4	2	1	1/8		1/8	1		4	64	E4	4	361
40	39	89	89	0.25		11/8	11/8	7/4	1	1	1/16		1/16	1		3	69	A4	4	348
40	39	357/4	357/4	0.25		23/16	23/16	7/4	1	1	1/16		1/16	1		-2	70	Bb4	4	349
40	39	179/2	179/2	0.25		3/2	3/2	7/4	1	1	1/16		1/16	1		0	72	C5	5	350
40	39	359/4	359/4	0.25		25/16	25/16	7/4	1	1	1/16		1/16	1		-2	70	Bb4	4	351
40	39	90	90	0.25		13/8	13/8	7/4	1	1	1/16		1/16	1		3	69	A4	4	352
40	39	361/4	361/4	0.25		27/16	27/16	7/4	1	1	1/16		1/16	1		1	67	G4	4	353
41	40	181/2	181/2	0.5		0	0	4/4	2	1	1/8		1/8	1		3	57	A3	3	367
41	40	181/2	181/2	0.5		0	0	4/4	2	1	1/8		1/8	1		-2	58	Bb3	3	367
41	40	181/2	181/2	1.0		0	0	4/4	1	1	1/4		1/4	1		3	69	A4	4	363
41	40	91	91	0.5		1/8	1/8	4/4	2	1	1/8		1/8	1		0	60	C4	4	368
41	40	91	91	0.5		1/8	1/8	4/4	2	1	1/8		1/8	1		4	64	E4	4	368
41	40	183/2	183/2	0.5		1/4	1/4	4/4	2	1	1/8		1/8	1		3	57	A3	3	369
41	40	183/2	183/2	0.5		1/4	1/4	4/4	2	1	1/8		1/8	1		-2	58	Bb3	3	369
41	40	183/2	183/2	1.0		1/4	1/4	4/4	1	1	1/4		1/4	1		3	69	A4	4	364
41	40	92	92	0.5		3/8	3/8	4/4	2	1	1/8		1/8	1		2	62	D4	4	370
41	40	92	92	0.5		3/8	3/8	4/4	2	1	1/8		1/8	1		-1	65	F4	4	370
41	40	185/2	185/2	0.5		1/2	1/2	4/4	2	1	1/8		1/8	1		3	57	A3	3	371
41	40	185/2	185/2	0.5		1/2	1/2	4/4	2	1	1/8		1/8	1		-2	58	Bb3	3	371
41	40	185/2	185/2	1.5		1/2	1/2	4/4	1	1	3/8		1/4	3/2		3	69	A4	4	365
41	40	93	93	0.5		5/8	5/8	4/4	2	1	1/8		1/8	1		0	60	C4	4	372
41	40	93	93	0.5		5/8	5/8	4/4	2	1	1/8		1/8	1		4	64	E4	4	372
41	40	187/2	187/2	0.5		3/4	3/4	4/4	2	1	1/8		1/8	1		3	57	A3	3	373
41	40	187/2	187/2	0.5		3/4	3/4	4/4	2	1	1/8		1/8	1		-2	58	Bb3	3	373
41	40	94	94	0.5		7/8	7/8	4/4	2	1	1/8		1/8	1		2	62	D4	4	374
41	40	94	94	0.5		7/8	7/8	4/4	2	1	1/8		1/8	1		-1	65	F4	4	374
41	40	94	94	0.5		7/8	7/8	4/4	1	1	1/8		1/8	1		1	67	G4	4	366
42	41	189/2	189/2	0.5		0	0	4/4	2	1	1/8		1/8	1		3	57	A3	3	381
42	41	189/2	189/2	0.5		0	0	4/4	2	1	1/8		1/8	1		-2	58	Bb3	3	381
42	41	189/2	189/2	0.5		0	0	4/4	1	1	1/8		1/8	1		3	69	A4	4	375
42	41	95	95	0.5		1/8	1/8	4/4	2	1	1/8		1/8	1		0	60	C4	4	382
42	41	95	95	0.5		1/8	1/8	4/4	2	1	1/8		1/8	1		4	64	E4	4	382
42	41	95	95	0.5		1/8	1/8	4/4	1	1	1/8		1/8	1		1	67	G4	4	376
42	41	191/2	191/2	0.5		1/4	1/4	4/4	2	1	1/8		1/8	1		3	57	A3	3	383
42	41	191/2	191/2	0.5		1/4	1/4	4/4	2	1	1/8		1/8	1		-2	58	Bb3	3	383
42	41	191/2	191/2	0.5		1/4	1/4	4/4	1	1	1/8		1/8	1		3	69	A4	4	377
42	41	96	96	0.5		3/8	3/8	4/4	2	1	1/8		1/8	1		2	62	D4	4	384
42	41	96	96	0.5		3/8	3/8	4/4	2	1	1/8		1/8	1		-1	65	F4	4	384
42	41	96	96	0.5		3/8	3/8	4/4	1	1	1/8		1/8	1		0	72	C5	5	378
42	41	193/2	193/2	0.5		1/2	1/2	4/4	2	1	1/8		1/8	1		3	57	A3	3	385
42	41	193/2	193/2	0.5		1/2	1/2	4/4	2	1	1/8		1/8	1		-2	58	Bb3	3	385
42	41	193/2	193/2	1.5		1/2	1/2	4/4	1	1	3/8		1/4	3/2		3	69	A4	4	379
42	41	97	97	0.5		5/8	5/8	4/4	2	1	1/8		1/8	1		0	60	C4	4	386
42	41	97	97	0.5		5/8	5/8	4/4	2	1	1/8		1/8	1		4	64	E4	4	386
42	41	195/2	195/2	0.5		3/4	3/4	4/4	2	1	1/8		1/8	1		3	57	A3	3	387
42	41	195/2	195/2	0.5		3/4	3/4	4/4	2	1	1/8		1/8	1		-2	58	Bb3	3	387
42	41	98	98	0.5		7/8	7/8	4/4	2	1	1/8		1/8	1		2	62	D4	4	388
42	41	98	98	0.5		7/8	7/8	4/4	2	1	1/8		1/8	1		-1	65	F4	4	388
42	41	98	98	0.5		7/8	7/8	4/4	1	1	1/8		1/8	1		1	67	G4	4	380
43	42	197/2	197/2	0.5		0	0	4/4	2	1	1/8		1/8	1		3	57	A3	3	401
43	42	197/2	197/2	0.5		0	0	4/4	2	1	1/8		1/8	1		-2	58	Bb3	3	401
43	42	197/2	197/2	0.5		0	0	4/4	1	1	1/8		1/8	1		3	69	A4	4	389
43	42	99	99	0.5		1/8	1/8	4/4	2	1	1/8		1/8	1		0	60	C4	4	402
43	42	99	99	0.5		1/8	1/8	4/4	2	1	1/8		1/8	1		4	64	E4	4	402
43	42	99	99	0.5		1/8	1/8	4/4	1	1	1/8		1/8	1		1	67	G4	4	390
43	42	199/2	199/2	0.5		1/4	1/4	4/4	2	1	1/8		1/8	1		3	57	A3	3	403
43	42	199/2	199/2	0.5		1/4	1/4	4/4	2	1	1/8		1/8	1		-2	58	Bb3	3	403
43	42	199/2	199/2	0.5		1/4	1/4	4/4	1	1	1/8		1/8	1		3	69	A4	4	391
43	42	100	100	0.0		3/8	3/8	4/4	1	1	0	grace16after	1/32	1		2	74	D5	5	392
43	42	100	100	0.0		3/8	3/8	4/4	1	1	0	grace16after	1/32	1		0	72	C5	5	393
43	42	100	100	0.5		3/8	3/8	4/4	2	1	1/8		1/8	1		2	62	D4	4	404
43	42	100	100	0.5		3/8	3/8	4/4	2	1	1/8		1/8	1		-1	65	F4	4	404
43	42	100	100	0.5		3/8	3/8	4/4	1	1	1/8		1/8	1		2	74	D5	5	394
43	42	201/2	201/2	0.5		1/2	1/2	4/4	2	1	1/8		1/8	1		3	57	A3	3	405
43	42	201/2	201/2	0.5		1/2	1/2	4/4	2	1	1/8		1/8	1		-2	58	Bb3	3	405
43	42	201/2	201/2	0.25		1/2	1/2	4/4	1	1	1/16		1/16	1		0	72	C5	5	395
43	42	403/4	403/4	0.25		9/16	9/16	4/4	1	1	1/16		1/16	1		-2	70	Bb4	4	396
43	42	101	101	0.5		5/8	5/8	4/4	2	1	1/8		1/8	1		0	60	C4	4	406
43	42	101	101	0.5		5/8	5/8	4/4	2	1	1/8		1/8	1		4	64	E4	4	406
43	42	101	101	0.25		5/8	5/8	4/4	1	1	1/16		1/16	1		3	69	A4	4	397
43	42	405/4	405/4	0.25		11/16	11/16	4/4	1	1	1/16		1/16	1		1	67	G4	4	398
43	42	203/2	203/2	0.5		3/4	3/4	4/4	2	1	1/8		1/8	1		3	57	A3	3	407
43	42	203/2	203/2	0.5		3/4	3/4	4/4	2	1	1/8		1/8	1		-2	58	Bb3	3	407
43	42	203/2	203/2	0.5		3/4	3/4	4/4	1	1	1/8		1/8	1		3	69	A4	4	399
43	42	102	102	0.5		7/8	7/8	4/4	2	1	1/8		1/8	1		2	62	D4	4	408
43	42	102	102	0.5		7/8	7/8	4/4	2	1	1/8		1/8	1		-1	65	F4	4	408
43	42	102	102	0.5		7/8	7/8	4/4	1	1	1/8		1/8	1		3	69	A4	4	400
44	43	205/2	205/2	0.5		0	0	4/4	2	1	1/8		1/8	1		3	57	A3	3	413
44	43	205/2	205/2	0.5		0	0	4/4	2	1	1/8		1/8	1		-2	58	Bb3	3	413
44	43	205/2	205/2	1.0		0	0	4/4	1	1	1/4		1/4	1		3	69	A4	4	409
44	43	103	103	0.5		1/8	1/8	4/4	2	1	1/8		1/8	1		0	60	C4	4	414
44	43	103	103	0.5		1/8	1/8	4/4	2	1	1/8		1/8	1		4	64	E4	4	414
44	43	207/2	207/2	0.5		1/4	1/4	4/4	2	1	1/8		1/8	1		3	57	A3	3	415
44	43	207/2	207/2	0.5		1/4	1/4	4/4	2	1	1/8		1/8	1		-2	58	Bb3	3	415
44	43	207/2	207/2	1.0		1/4	1/4	4/4	1	1	1/4		1/4	1		3	69	A4	4	410
44	43	104	104	0.5		3/8	3/8	4/4	2	1	1/8		1/8	1		2	62	D4	4	416
44	43	104	104	0.5		3/8	3/8	4/4	2	1	1/8		1/8	1		-1	65	F4	4	416
44	43	209/2	209/2	0.5		1/2	1/2	4/4	2	1	1/8		1/8	1		3	57	A3	3	417
44	43	209/2	209/2	0.5		1/2	1/2	4/4	2	1	1/8		1/8	1		-2	58	Bb3	3	417
44	43	209/2	209/2	1.5		1/2	1/2	4/4	1	1	3/8		1/4	3/2		3	69	A4	4	411
44	43	105	105	0.5		5/8	5/8	4/4	2	1	1/8		1/8	1		0	60	C4	4	418
44	43	105	105	0.5		5/8	5/8	4/4	2	1	1/8		1/8	1		4	64	E4	4	418
44	43	211/2	211/2	0.5		3/4	3/4	4/4	2	1	1/8		1/8	1		3	57	A3	3	419
44	43	211/2	211/2	0.5		3/4	3/4	4/4	2	1	1/8		1/8	1		-2	58	Bb3	3	419
44	43	106	106	0.5		7/8	7/8	4/4	2	1	1/8		1/8	1		2	62	D4	4	420
44	43	106	106	0.5		7/8	7/8	4/4	2	1	1/8		1/8	1		-1	65	F4	4	420
44	43	106	106	0.5		7/8	7/8	4/4	1	1	1/8		1/8	1		1	67	G4	4	412
45	44	213/2	213/2	0.5		0	0	4/4	2	1	1/8		1/8	1		3	57	A3	3	426
45	44	213/2	213/2	0.5		0	0	4/4	2	1	1/8		1/8	1		-2	58	Bb3	3	426
45	44	213/2	213/2	0.5		0	0	4/4	1	1	1/8		1/8	1		3	69	A4	4	421
45	44	107	107	0.5		1/8	1/8	4/4	2	1	1/8		1/8	1		0	60	C4	4	427
45	44	107	107	0.5		1/8	1/8	4/4	2	1	1/8		1/8	1		4	64	E4	4	427
45	44	107	107	0.5		1/8	1/8	4/4	1	1	1/8		1/8	1		1	67	G4	4	422
45	44	215/2	215/2	0.5		1/4	1/4	4/4	2	1	1/8		1/8	1		3	57	A3	3	428
45	44	215/2	215/2	0.5		1/4	1/4	4/4	2	1	1/8		1/8	1		-2	58	Bb3	3	428
45	44	215/2	215/2	0.5		1/4	1/4	4/4	1	1	1/8		1/8	1		3	69	A4	4	423
45	44	108	108	0.5		3/8	3/8	4/4	2	1	1/8		1/8	1		2	62	D4	4	429
45	44	108	108	0.5		3/8	3/8	4/4	2	1	1/8		1/8	1		-1	65	F4	4	429
45	44	108	108	0.5		3/8	3/8	4/4	1	1	1/8		1/8	1		0	72	C5	5	424
45	44	217/2	217/2	0.5		1/2	1/2	4/4	2	1	1/8		1/8	1		3	57	A3	3	430
45	44	217/2	217/2	0.5		1/2	1/2	4/4	2	1	1/8		1/8	1		-2	58	Bb3	3	430
45	44	217/2	217/2	2.0		1/2	1/2	4/4	1	1	1/2		1/2	1		3	69	A4	4	425
45	44	109	109	0.5		5/8	5/8	4/4	2	1	1/8		1/8	1		0	60	C4	4	431
45	44	109	109	0.5		5/8	5/8	4/4	2	1	1/8		1/8	1		4	64	E4	4	431
45	44	219/2	219/2	0.5		3/4	3/4	4/4	2	1	1/8		1/8	1		3	57	A3	3	432
45	44	219/2	219/2	0.5		3/4	3/4	4/4	2	1	1/8		1/8	1		-2	58	Bb3	3	432
45	44	110	110	0.5		7/8	7/8	4/4	2	1	1/8		1/8	1		2	62	D4	4	433
45	44	110	110	0.5		7/8	7/8	4/4	2	1	1/8		1/8	1		-1	65	F4	4	433
46	45	221/2	221/2	0.5		0	0	4/4	2	1	1/8		1/8	1		3	57	A3	3	435
46	45	221/2	221/2	0.5		0	0	4/4	2	1	1/8		1/8	1		-2	58	Bb3	3	435
46	45	111	111	0.5		1/8	1/8	4/4	2	1	1/8		1/8	1		0	60	C4	4	436
46	45	111	111	0.5		1/8	1/8	4/4	2	1	1/8		1/8	1		4	64	E4	4	436
46	45	223/2	223/2	0.5		1/4	1/4	4/4	2	1	1/8		1/8	1		3	57	A3	3	437
46	45	223/2	223/2	0.5		1/4	1/4	4/4	2	1	1/8		1/8	1		-2	58	Bb3	3	437
46	45	223/2	223/2	3.0		1/4	1/4	4/4	1	1	3/4		1/2	3/2		1	67	G4	4	434
46	45	112	112	0.5		3/8	3/8	4/4	2	1	1/8		1/8	1		2	62	D4	4	438
46	45	112	112	0.5		3/8	3/8	4/4	2	1	1/8		1/8	1		-1	65	F4	4	438
46	45	225/2	225/2	0.5		1/2	1/2	4/4	2	1	1/8		1/8	1		3	57	A3	3	439
46	45	225/2	225/2	0.5		1/2	1/2	4/4	2	1	1/8		1/8	1		-2	58	Bb3	3	439
46	45	113	113	0.5		5/8	5/8	4/4	2	1	1/8		1/8	1		0	60	C4	4	440
46	45	113	113	0.5		5/8	5/8	4/4	2	1	1/8		1/8	1		4	64	E4	4	440
46	45	227/2	227/2	0.5		3/4	3/4	4/4	2	1	1/8		1/8	1		3	57	A3	3	441
46	45	227/2	227/2	0.5		3/4	3/4	4/4	2	1	1/8		1/8	1		-2	58	Bb3	3	441
46	45	114	114	0.5		7/8	7/8	4/4	2	1	1/8		1/8	1		2	62	D4	4	442
46	45	114	114	0.5		7/8	7/8	4/4	2	1	1/8		1/8	1		-1	65	F4	4	442
47	46	229/2	229/2	0.5		0	0	4/4	2	1	1/8		1/8	1		3	57	A3	3	444
47	46	229/2	229/2	0.5		0	0	4/4	2	1	1/8		1/8	1		-2	58	Bb3	3	444
47	46	115	115	0.5		1/8	1/8	4/4	2	1	1/8		1/8	1		0	60	C4	4	445
47	46	115	115	0.5		1/8	1/8	4/4	2	1	1/8		1/8	1		4	64	E4	4	445
47	46	231/2	231/2	0.5		1/4	1/4	4/4	2	1	1/8		1/8	1		3	57	A3	3	446
47	46	231/2	231/2	0.5		1/4	1/4	4/4	2	1	1/8		1/8	1		-2	58	Bb3	3	446
47	46	231/2	231/2	3.0		1/4	1/4	4/4	1	1	3/4		1/2	3/2		1	67	G4	4	443
47	46	116	116	0.5		3/8	3/8	4/4	2	1	1/8		1/8	1		2	62	D4	4	447
47	46	116	116	0.5		3/8	3/8	4/4	2	1	1/8		1/8	1		-1	65	F4	4	447
47	46	233/2	233/2	0.5		1/2	1/2	4/4	2	1	1/8		1/8	1		3	57	A3	3	448
47	46	233/2	233/2	0.5		1/2	1/2	4/4	2	1	1/8		1/8	1		-2	58	Bb3	3	448
47	46	117	117	0.5		5/8	5/8	4/4	2	1	1/8		1/8	1		0	60	C4	4	449
47	46	117	117	0.5		5/8	5/8	4/4	2	1	1/8		1/8	1		4	64	E4	4	449
47	46	235/2	235/2	0.5		3/4	3/4	4/4	2	1	1/8		1/8	1		3	57	A3	3	450
47	46	235/2	235/2	0.5		3/4	3/4	4/4	2	1	1/8		1/8	1		-2	58	Bb3	3	450
47	46	118	118	0.5		7/8	7/8	4/4	2	1	1/8		1/8	1		2	62	D4	4	451
47	46	118	118	0.5		7/8	7/8	4/4	2	1	1/8		1/8	1		-1	65	F4	4	451
48	47	237/2	237/2	1.0		0	0	4/4	2	1	1/4		1/4	1		1	43	G2	2	459
48	47	237/2	237/2	1.0		0	0	4/4	2	1	1/4		1/4	1		-2	58	Bb3	3	459
48	47	237/2	237/2	1.0		0	0	4/4	1	1	1/4		1/4	1		3	69	A4	4	452
48	47	237/2	237/2	1.0		0	0	4/4	1	1	1/4		1/4	1		3	81	A5	5	452
48	47	119	119	0.5		1/8	1/8	4/4	1	2	1/8		1/8	1		2	74	D5	5	456
48	47	119	119	0.5		1/8	1/8	4/4	1	2	1/8		1/8	1		4	76	E5	5	456
48	47	239/2	239/2	1.0		1/4	1/4	4/4	2	1	1/4		1/4	1		0	36	C2	2	460
48	47	239/2	239/2	1.0		1/4	1/4	4/4	2	1	1/4		1/4	1		2	50	D3	3	460
48	47	239/2	239/2	1.0		1/4	1/4	4/4	1	1	1/4		1/4	1		3	69	A4	4	453
48	47	239/2	239/2	1.0		1/4	1/4	4/4	1	1	1/4		1/4	1		3	81	A5	5	453
48	47	120	120	0.5		3/8	3/8	4/4	1	2	1/8		1/8	1		0	72	C5	5	457
48	47	120	120	0.5		3/8	3/8	4/4	1	2	1/8		1/8	1		4	76	E5	5	457
48	47	241/2	241/2	1.0		1/2	1/2	4/4	2	1	1/4		1/4	1		1	43	G2	2	461
48	47	241/2	241/2	1.0		1/2	1/2	4/4	2	1	1/4		1/4	1		-2	58	Bb3	3	461
48	47	241/2	241/2	1.5		1/2	1/2	4/4	1	1	3/8		1/4	3/2		3	69	A4	4	454
48	47	241/2	241/2	1.5		1/2	1/2	4/4	1	1	3/8		1/4	3/2		3	81	A5	5	454
48	47	121	121	0.5		5/8	5/8	4/4	1	2	1/8		1/8	1		2	74	D5	5	458
48	47	121	121	0.5		5/8	5/8	4/4	1	2	1/8		1/8	1		4	76	E5	5	458
48	47	243/2	243/2	1.0		3/4	3/4	4/4	2	1	1/4		1/4	1		0	36	C2	2	462
48	47	243/2	243/2	1.0		3/4	3/4	4/4	2	1	1/4		1/4	1		2	50	D3	3	462
48	47	122	122	0.5		7/8	7/8	4/4	1	1	1/8		1/8	1		1	67	G4	4	455
48	47	122	122	0.5		7/8	7/8	4/4	1	1	1/8		1/8	1		1	79	G5	5	455
49	48	245/2	245/2	1.0		0	0	4/4	2	1	1/4		1/4	1		1	43	G2	2	470
49	48	245/2	245/2	1.0		0	0	4/4	2	1	1/4		1/4	1		-2	58	Bb3	3	470
49	48	245/2	245/2	0.5		0	0	4/4	1	1	1/8		1/8	1		3	69	A4	4	463
49	48	245/2	245/2	0.5		0	0	4/4	1	1	1/8		1/8	1		3	81	A5	5	463
49	48	123	123	0.5		1/8	1/8	4/4	1	1	1/8		1/8	1		1	67	G4	4	464
49	48	123	123	0.5		1/8	1/8	4/4	1	1	1/8		1/8	1		1	79	G5	5	464
49	48	247/2	247/2	1.0		1/4	1/4	4/4	2	1	1/4		1/4	1		0	36	C2	2	471
49	48	247/2	247/2	1.0		1/4	1/4	4/4	2	1	1/4		1/4	1		2	50	D3	3	471
49	48	247/2	247/2	0.5		1/4	1/4	4/4	1	1	1/8		1/8	1		3	69	A4	4	465
49	48	247/2	247/2	0.5		1/4	1/4	4/4	1	1	1/8		1/8	1		3	81	A5	5	465
49	48	124	124	0.5		3/8	3/8	4/4	1	1	1/8		1/8	1		0	72	C5	5	466
49	48	124	124	0.5		3/8	3/8	4/4	1	1	1/8		1/8	1		0	84	C6	6	466
49	48	249/2	249/2	1.0		1/2	1/2	4/4	2	1	1/4		1/4	1		1	43	G2	2	472
49	48	249/2	249/2	1.0		1/2	1/2	4/4	2	1	1/4		1/4	1		-2	58	Bb3	3	472
49	48	249/2	249/2	1.5		1/2	1/2	4/4	1	1	3/8		1/4	3/2		3	69	A4	4	467
49	48	249/2	249/2	1.5		1/2	1/2	4/4	1	1	3/8		1/4	3/2		3	81	A5	5	467
49	48	125	125	0.5		5/8	5/8	4/4	1	2	1/8		1/8	1		2	74	D5	5	469
49	48	125	125	0.5		5/8	5/8	4/4	1	2	1/8		1/8	1		4	76	E5	5	469
49	48	251/2	251/2	1.0		3/4	3/4	4/4	2	1	1/4		1/4	1		0	36	C2	2	473
49	48	251/2	251/2	1.0		3/4	3/4	4/4	2	1	1/4		1/4	1		2	50	D3	3	473
49	48	126	126	0.5		7/8	7/8	4/4	1	1	1/8		1/8	1		1	67	G4	4	468
49	48	126	126	0.5		7/8	7/8	4/4	1	1	1/8		1/8	1		1	79	G5	5	468
50	49	253/2	253/2	1.0		0	0	4/4	2	2	1/4		1/4	1		1	43	G2	2	494
50	49	253/2	253/2	0.5		0	0	4/4	2	1	1/8		1/8	1		-2	58	Bb3	3	486
50	49	253/2	253/2	0.5		0	0	4/4	1	1	1/8		1/8	1		3	69	A4	4	474
50	49	253/2	253/2	0.5		0	0	4/4	1	1	1/8		1/8	1		3	81	A5	5	474
50	49	127	127	0.5		1/8	1/8	4/4	2	1	1/8		1/8	1		2	50	D3	3	487
50	49	127	127	0.5		1/8	1/8	4/4	1	1	1/8		1/8	1		1	79	G5	5	475
50	49	255/2	255/2	1.0		1/4	1/4	4/4	2	2	1/4		1/4	1		0	36	C2	2	495
50	49	255/2	255/2	0.5		1/4	1/4	4/4	2	1	1/8		1/8	1		1	43	G2	2	488
50	49	255/2	255/2	0.5		1/4	1/4	4/4	1	1	1/8		1/8	1		3	81	A5	5	476
50	49	128	128	0.0		3/8	3/8	4/4	1	1	0	grace16after	1/32	1		2	86	D6	6	477
50	49	128	128	0.0		3/8	3/8	4/4	1	1	0	grace16after	1/32	1		0	84	C6	6	478
50	49	128	128	0.5		3/8	3/8	4/4	2	1	1/8		1/8	1		4	52	E3	3	489
50	49	128	128	0.5		3/8	3/8	4/4	1	1	1/8		1/8	1		2	86	D6	6	479
50	49	257/2	257/2	1.0		1/2	1/2	4/4	2	2	1/4		1/4	1		1	43	G2	2	496
50	49	257/2	257/2	0.5		1/2	1/2	4/4	2	1	1/8		1/8	1		-2	58	Bb3	3	490
50	49	257/2	257/2	0.25		1/2	1/2	4/4	1	1	1/16		1/16	1		0	84	C6	6	480
50	49	515/4	515/4	0.25		9/16	9/16	4/4	1	1	1/16		1/16	1		-2	82	Bb5	5	481
50	49	129	129	0.5		5/8	5/8	4/4	2	1	1/8		1/8	1		2	50	D3	3	491
50	49	129	129	0.25		5/8	5/8	4/4	1	1	1/16		1/16	1		3	81	A5	5	482
50	49	517/4	517/4	0.25		11/16	11/16	4/4	1	1	1/16		1/16	1		1	79	G5	5	483
50	49	259/2	259/2	1.0		3/4	3/4	4/4	2	2	1/4		1/4	1		0	36	C2	2	497
50	49	259/2	259/2	0.5		3/4	3/4	4/4	2	1	1/8		1/8	1		1	43	G2	2	492
50	49	259/2	259/2	0.5		3/4	3/4	4/4	1	1	1/8		1/8	1		3	81	A5	5	484
50	49	130	130	0.5		7/8	7/8	4/4	2	1	1/8		1/8	1		4	52	E3	3	493
50	49	130	130	0.5		7/8	7/8	4/4	1	1	1/8		1/8	1		1	67	G4	4	485
50	49	130	130	0.5		7/8	7/8	4/4	1	1	1/8		1/8	1		1	79	G5	5	485
51	50	261/2	261/2	1.0		0	0	4/4	2	2	1/4		1/4	1		1	43	G2	2	517
51	50	261/2	261/2	0.5		0	0	4/4	2	1	1/8		1/8	1		-2	58	Bb3	3	509
51	50	261/2	261/2	0.5		0	0	4/4	1	1	1/8		1/8	1		3	69	A4	4	498
51	50	261/2	261/2	0.5		0	0	4/4	1	1	1/8		1/8	1		3	81	A5	5	498
51	50	131	131	0.5		1/8	1/8	4/4	2	1	1/8		1/8	1		2	50	D3	3	510
51	50	131	131	0.5		1/8	1/8	4/4	1	1	1/8		1/8	1		1	67	G4	4	499
51	50	131	131	0.5		1/8	1/8	4/4	1	1	1/8		1/8	1		1	79	G5	5	499
51	50	263/2	263/2	1.0		1/4	1/4	4/4	2	2	1/4		1/4	1		0	36	C2	2	518
51	50	263/2	263/2	0.5		1/4	1/4	4/4	2	1	1/8		1/8	1		1	43	G2	2	511
51	50	263/2	263/2	0.5		1/4	1/4	4/4	1	1	1/8		1/8	1		3	69	A4	4	500
51	50	263/2	263/2	0.5		1/4	1/4	4/4	1	1	1/8		1/8	1		3	81	A5	5	500
51	50	132	132	0.0		3/8	3/8	4/4	1	1	0	grace16after	1/32	1		2	86	D6	6	501
51	50	132	132	0.0		3/8	3/8	4/4	1	1	0	grace16after	1/32	1		0	84	C6	6	502
51	50	132	132	0.5		3/8	3/8	4/4	2	1	1/8		1/8	1		4	52	E3	3	512
51	50	132	132	0.5		3/8	3/8	4/4	1	1	1/8		1/8	1		2	86	D6	6	503
51	50	265/2	265/2	1.0		1/2	1/2	4/4	2	2	1/4		1/4	1		1	43	G2	2	519
51	50	265/2	265/2	0.5		1/2	1/2	4/4	2	1	1/8		1/8	1		-2	58	Bb3	3	513
51	50	265/2	265/2	0.25		1/2	1/2	4/4	1	1	1/16		1/16	1		0	84	C6	6	504
51	50	531/4	531/4	0.25		9/16	9/16	4/4	1	1	1/16		1/16	1		-2	82	Bb5	5	505
51	50	133	133	0.5		5/8	5/8	4/4	2	1	1/8		1/8	1		2	50	D3	3	514
51	50	133	133	0.25		5/8	5/8	4/4	1	1	1/16		1/16	1		3	81	A5	5	506
51	50	533/4	533/4	0.25		11/16	11/16	4/4	1	1	1/16		1/16	1		1	79	G5	5	507
51	50	267/2	267/2	1.0		3/4	3/4	4/4	2	2	1/4		1/4	1		0	36	C2	2	520
51	50	267/2	267/2	0.5		3/4	3/4	4/4	2	1	1/8		1/8	1		1	43	G2	2	515
51	50	267/2	267/2	1.0		3/4	3/4	4/4	1	1	1/4		1/4	1		3	81	A5	5	508
51	50	134	134	0.5		7/8	7/8	4/4	2	1	1/8		1/8	1		4	52	E3	3	516
52	51	269/2	269/2	1.0		0	0	4/4	1	1	1/4		1/4	1		1	55	G3	3	521
52	51	269/2	269/2	0.5		0	0	4/4	2	1	1/8		1/8	1		3	57	A3	3	527
52	51	269/2	269/2	0.5		0	0	4/4	2	1	1/8		1/8	1		-2	58	Bb3	3	527
52	51	135	135	0.5		1/8	1/8	4/4	2	1	1/8		1/8	1		0	60	C4	4	528
52	51	135	135	0.5		1/8	1/8	4/4	2	1	1/8		1/8	1		4	64	E4	4	528
52	51	271/2	271/2	1.0		1/4	1/4	4/4	1	1	1/4		1/4	1		1	55	G3	3	522
52	51	271/2	271/2	0.5		1/4	1/4	4/4	2	1	1/8		1/8	1		3	57	A3	3	529
52	51	271/2	271/2	0.5		1/4	1/4	4/4	2	1	1/8		1/8	1		-2	58	Bb3	3	529
52	51	136	136	0.5		3/8	3/8	4/4	2	1	1/8		1/8	1		2	62	D4	4	530
52	51	136	136	0.5		3/8	3/8	4/4	2	1	1/8		1/8	1		-1	65	F4	4	530
52	51	273/2	273/2	0.5		1/2	1/2	4/4	1	1	1/8		1/8	1		1	55	G3	3	523
52	51	273/2	273/2	0.5		1/2	1/2	4/4	2	1	1/8		1/8	1		3	57	A3	3	531
52	51	273/2	273/2	0.5		1/2	1/2	4/4	2	1	1/8		1/8	1		-2	58	Bb3	3	531
52	51	137	137	0.5		5/8	5/8	4/4	1	1	1/8		1/8	1		-1	53	F3	3	524
52	51	137	137	0.5		5/8	5/8	4/4	2	1	1/8		1/8	1		0	60	C4	4	532
52	51	137	137	0.5		5/8	5/8	4/4	2	1	1/8		1/8	1		4	64	E4	4	532
52	51	275/2	275/2	0.5		3/4	3/4	4/4	1	1	1/8		1/8	1		4	52	E3	3	525
52	51	275/2	275/2	0.5		3/4	3/4	4/4	2	1	1/8		1/8	1		3	57	A3	3	533
52	51	275/2	275/2	0.5		3/4	3/4	4/4	2	1	1/8		1/8	1		-2	58	Bb3	3	533
52	51	138	138	0.5		7/8	7/8	4/4	1	1	1/8		1/8	1		2	50	D3	3	526
52	51	138	138	0.5		7/8	7/8	4/4	2	1	1/8		1/8	1		2	62	D4	4	534
52	51	138	138	0.5		7/8	7/8	4/4	2	1	1/8		1/8	1		-1	65	F4	4	534
53	52	277/2	277/2	1.0		0	0	4/4	1	1	1/4		1/4	1		0	48	C3	3	535
53	52	277/2	277/2	0.5		0	0	4/4	2	1	1/8		1/8	1		3	57	A3	3	538
53	52	277/2	277/2	0.5		0	0	4/4	2	1	1/8		1/8	1		-2	58	Bb3	3	538
53	52	139	139	0.5		1/8	1/8	4/4	2	1	1/8		1/8	1		0	60	C4	4	539
53	52	139	139	0.5		1/8	1/8	4/4	2	1	1/8		1/8	1		4	64	E4	4	539
53	52	279/2	279/2	1.0		1/4	1/4	4/4	1	1	1/4		1/4	1		1	55	G3	3	536
53	52	279/2	279/2	0.5		1/4	1/4	4/4	2	1	1/8		1/8	1		3	57	A3	3	540
53	52	279/2	279/2	0.5		1/4	1/4	4/4	2	1	1/8		1/8	1		-2	58	Bb3	3	540
53	52	140	140	0.5		3/8	3/8	4/4	2	1	1/8		1/8	1		2	62	D4	4	541
53	52	140	140	0.5		3/8	3/8	4/4	2	1	1/8		1/8	1		-1	65	F4	4	541
53	52	281/2	281/2	2.0		1/2	1/2	4/4	1	1	1/2		1/2	1		0	48	C3	3	537
53	52	281/2	281/2	0.5		1/2	1/2	4/4	2	1	1/8		1/8	1		3	57	A3	3	542
53	52	281/2	281/2	0.5		1/2	1/2	4/4	2	1	1/8		1/8	1		-2	58	Bb3	3	542
53	52	141	141	0.5		5/8	5/8	4/4	2	1	1/8		1/8	1		0	60	C4	4	543
53	52	141	141	0.5		5/8	5/8	4/4	2	1	1/8		1/8	1		4	64	E4	4	543
53	52	283/2	283/2	0.5		3/4	3/4	4/4	2	1	1/8		1/8	1		3	57	A3	3	544
53	52	283/2	283/2	0.5		3/4	3/4	4/4	2	1	1/8		1/8	1		-2	58	Bb3	3	544
53	52	142	142	0.5		7/8	7/8	4/4	2	1	1/8		1/8	1		2	62	D4	4	545
53	52	142	142	0.5		7/8	7/8	4/4	2	1	1/8		1/8	1		-1	65	F4	4	545
54	53	285/2	285/2	0.5		0	0	4/4	2	1	1/8		1/8	1		3	57	A3	3	547
54	53	285/2	285/2	0.5		0	0	4/4	2	1	1/8		1/8	1		-2	58	Bb3	3	547
54	53	143	143	0.5		1/8	1/8	4/4	2	1	1/8		1/8	1		0	60	C4	4	548
54	53	143	143	0.5		1/8	1/8	4/4	2	1	1/8		1/8	1		4	64	E4	4	548
54	53	287/2	287/2	0.5		1/4	1/4	4/4	2	1	1/8		1/8	1		3	57	A3	3	549
54	53	287/2	287/2	0.5		1/4	1/4	4/4	2	1	1/8		1/8	1		-2	58	Bb3	3	549
54	53	287/2	287/2	3.0		1/4	1/4	4/4	1	1	3/4		1/2	3/2		1	67	G4	4	546
54	53	144	144	0.5		3/8	3/8	4/4	2	1	1/8		1/8	1		2	62	D4	4	550
54	53	144	144	0.5		3/8	3/8	4/4	2	1	1/8		1/8	1		-1	65	F4	4	550
54	53	289/2	289/2	0.5		1/2	1/2	4/4	2	1	1/8		1/8	1		3	57	A3	3	551
54	53	289/2	289/2	0.5		1/2	1/2	4/4	2	1	1/8		1/8	1		-2	58	Bb3	3	551
54	53	145	145	0.5		5/8	5/8	4/4	2	1	1/8		1/8	1		0	60	C4	4	552
54	53	145	145	0.5		5/8	5/8	4/4	2	1	1/8		1/8	1		4	64	E4	4	552
54	53	291/2	291/2	0.5		3/4	3/4	4/4	2	1	1/8		1/8	1		3	57	A3	3	553
54	53	291/2	291/2	0.5		3/4	3/4	4/4	2	1	1/8		1/8	1		-2	58	Bb3	3	553
54	53	146	146	0.5		7/8	7/8	4/4	2	1	1/8		1/8	1		2	62	D4	4	554
54	53	146	146	0.5		7/8	7/8	4/4	2	1	1/8		1/8	1		-1	65	F4	4	554
55	54	293/2	293/2	0.5		0	0	4/4	2	1	1/8		1/8	1		3	57	A3	3	556
55	54	293/2	293/2	0.5		0	0	4/4	2	1	1/8		1/8	1		-2	58	Bb3	3	556
55	54	147	147	0.5		1/8	1/8	4/4	2	1	1/8		1/8	1		0	60	C4	4	557
55	54	147	147	0.5		1/8	1/8	4/4	2	1	1/8		1/8	1		4	64	E4	4	557
55	54	295/2	295/2	0.5		1/4	1/4	4/4	2	1	1/8		1/8	1		3	57	A3	3	558
55	54	295/2	295/2	0.5		1/4	1/4	4/4	2	1	1/8		1/8	1		-2	58	Bb3	3	558
55	54	295/2	295/2	3.0		1/4	1/4	4/4	1	1	3/4		1/2	3/2		1	67	G4	4	555
55	54	148	148	0.5		3/8	3/8	4/4	2	1	1/8		1/8	1		2	62	D4	4	559
55	54	148	148	0.5		3/8	3/8	4/4	2	1	1/8		1/8	1		-1	65	F4	4	559
55	54	297/2	297/2	0.5		1/2	1/2	4/4	2	1	1/8		1/8	1		3	57	A3	3	560
55	54	297/2	297/2	0.5		1/2	1/2	4/4	2	1	1/8		1/8	1		-2	58	Bb3	3	560
55	54	149	149	0.5		5/8	5/8	4/4	2	1	1/8		1/8	1		0	60	C4	4	561
55	54	149	149	0.5		5/8	5/8	4/4	2	1	1/8		1/8	1		4	64	E4	4	561
55	54	299/2	299/2	0.5		3/4	3/4	4/4	2	1	1/8		1/8	1		3	57	A3	3	562
55	54	299/2	299/2	0.5		3/4	3/4	4/4	2	1	1/8		1/8	1		-2	58	Bb3	3	562
55	54	150	150	0.5		7/8	7/8	4/4	2	1	1/8		1/8	1		2	62	D4	4	563
55	54	150	150	0.5		7/8	7/8	4/4	2	1	1/8		1/8	1		-1	65	F4	4	563
56	55		301/2	0.5	1	0	0	5/4	1	1	1/8		1/8	1		0	60	C4	4	564
56	55		301/2	0.5	1	0	0	5/4	2	1	1/8		1/8	1		0	60	C4	4	574
56	55		151	0.5	1	1/8	1/8	5/4	2	1	1/8		1/8	1		-2	58	Bb3	3	575
56	55		151	0.5	1	1/8	1/8	5/4	1	1	1/8		1/8	1		2	62	D4	4	565
56	55		303/2	0.5	1	1/4	1/4	5/4	2	1	1/8		1/8	1		3	57	A3	3	576
56	55		303/2	0.5	1	1/4	1/4	5/4	1	1	1/8		1/8	1		4	64	E4	4	566
56	55		152	0.5	1	3/8	3/8	5/4	2	1	1/8		1/8	1		1	55	G3	3	577
56	55		152	0.5	1	3/8	3/8	5/4	1	1	1/8		1/8	1		-1	65	F4	4	567
56	55		305/2	0.5	1	1/2	1/2	5/4	2	1	1/8		1/8	1		-1	53	F3	3	578
56	55		305/2	0.5	1	1/2	1/2	5/4	1	1	1/8		1/8	1		1	67	G4	4	568
56	55		153	0.5	1	5/8	5/8	5/4	2	1	1/8		1/8	1		4	52	E3	3	579
56	55		153	0.5	1	5/8	5/8	5/4	1	1	1/8		1/8	1		3	69	A4	4	569
56	55		307/2	0.5	1	3/4	3/4	5/4	2	1	1/8		1/8	1		2	50	D3	3	580
56	55		307/2	0.5	1	3/4	3/4	5/4	1	1	1/8		1/8	1		-2	70	Bb4	4	570
56	55		154	0.5	1	7/8	7/8	5/4	2	1	1/8		1/8	1		0	48	C3	3	581
56	55		154	0.5	1	7/8	7/8	5/4	1	1	1/8		1/8	1		0	72	C5	5	571
56	55		309/2	0.5	1	1	1	5/4	2	1	1/8		1/8	1		-2	46	Bb2	2	582
56	55		309/2	0.5	1	1	1	5/4	1	1	1/8		1/8	1		2	74	D5	5	572
56	55		155	0.5	1	9/8	9/8	5/4	2	1	1/8		1/8	1		3	45	A2	2	583
56	55		155	0.5	1	9/8	9/8	5/4	1	1	1/8		1/8	1		4	76	E5	5	573
57	55	301/2	311/2	0.5	2	0	0	5/4	2	1	1/8		1/8	1		0	60	C4	4	594
57	55	301/2	311/2	0.5	2	0	0	5/4	1	1	1/8		1/8	1		0	72	C5	5	584
57	55	151	156	0.5	2	1/8	1/8	5/4	2	1	1/8		1/8	1		-2	58	Bb3	3	595
57	55	151	156	0.5	2	1/8	1/8	5/4	1	1	1/8		1/8	1		2	74	D5	5	585
57	55	303/2	313/2	0.5	2	1/4	1/4	5/4	2	1	1/8		1/8	1		3	57	A3	3	596
57	55	303/2	313/2	0.5	2	1/4	1/4	5/4	1	1	1/8		1/8	1		4	76	E5	5	586
57	55	152	157	0.5	2	3/8	3/8	5/4	2	1	1/8		1/8	1		1	55	G3	3	597
57	55	152	157	0.5	2	3/8	3/8	5/4	1	1	1/8		1/8	1		-1	77	F5	5	587
57	55	305/2	315/2	0.5	2	1/2	1/2	5/4	2	1	1/8		1/8	1		-1	53	F3	3	598
57	55	305/2	315/2	0.5	2	1/2	1/2	5/4	1	1	1/8		1/8	1		1	79	G5	5	588
57	55	153	158	0.5	2	5/8	5/8	5/4	2	1	1/8		1/8	1		4	52	E3	3	599
57	55	153	158	0.5	2	5/8	5/8	5/4	1	1	1/8		1/8	1		3	81	A5	5	589
57	55	307/2	317/2	0.5	2	3/4	3/4	5/4	2	1	1/8		1/8	1		2	50	D3	3	600
57	55	307/2	317/2	0.5	2	3/4	3/4	5/4	1	1	1/8		1/8	1		-2	82	Bb5	5	590
57	55	154	159	0.5	2	7/8	7/8	5/4	2	1	1/8		1/8	1		0	48	C3	3	601
57	55	154	159	0.5	2	7/8	7/8	5/4	1	1	1/8		1/8	1		0	84	C6	6	591
57	55	309/2	319/2	0.5	2	1	1	5/4	2	1	1/8		1/8	1		-2	46	Bb2	2	602
57	55	309/2	319/2	0.5	2	1	1	5/4	1	1	1/8		1/8	1		2	86	D6	6	592
57	55	155	160	0.5	2	9/8	9/8	5/4	2	1	1/8		1/8	1		1	43	G2	2	603
57	55	155	160	0.5	2	9/8	9/8	5/4	1	1	1/8		1/8	1		4	88	E6	6	593
58	56	311/2	321/2	0.5		0	0	4/4	2	2	1/8		1/8	1		2	38	D2	2	609
58	56	311/2	321/2	0.5		0	0	4/4	1	1	1/8		1/8	1		-1	89	F6	6	604
58	56	156	161	0.5		1/8	1/8	4/4	2	2	1/8		1/8	1		1	31	G1	1	610
58	56	156	161	0.5		1/8	1/8	4/4	1	1	1/8		1/8	1		1	91	G6	6	605
58	56	313/2	323/2	3.0		1/4	1/4	4/4	2	2	3/4		1/2	3/2		0	24	C1	1	611
58	56	313/2	323/2	3.0		1/4	1/4	4/4	1	1	3/4		1/2	3/2		3	93	A6	6	606
58	56	315/2	325/2	2.0		1/2	1/2	4/4	2	1	1/2		1/2	1		-2	58	Bb3	3	608
58	56	315/2	325/2	2.0		1/2	1/2	4/4	2	1	1/2		1/2	1		2	62	D4	4	608
58	56	315/2	325/2	2.0		1/2	1/2	4/4	1	2	1/2		1/2	1		4	64	E4	4	607
58	56	315/2	325/2	2.0		1/2	1/2	4/4	2	1	1/2		1/2	1		4	64	E4	4	608
58	56	315/2	325/2	2.0		1/2	1/2	4/4	1	2	1/2		1/2	1		3	69	A4	4	607
58	56	315/2	325/2	2.0		1/2	1/2	4/4	2	1	1/2		1/2	1		-2	70	Bb4	4	608
58	56	315/2	325/2	2.0		1/2	1/2	4/4	1	2	1/2		1/2	1		0	72	C5	5	607
58	56	315/2	325/2	2.0		1/2	1/2	4/4	1	2	1/2		1/2	1		4	76	E5	5	607
